soil_moisture,temperature,humidity,irrigation_needed
16.7,31.9,85.2,1
39.8,29.4,51.7,0
24.0,15.9,43.2,1
17.3,35.8,36.9,1
16.0,18.2,40.2,1
20.5,26.4,77.3,1
19.8,18.5,38.7,1
67.7,32.6,66.7,0
28.2,33.4,26.8,1
19.7,23.9,56.7,1
58.2,35.9,67.5,0
74.5,37.5,48.1,0
17.8,34.1,34.0,1
33.1,19.7,51.8,0
23.4,24.5,47.5,1
66.8,17.5,60.6,0
17.2,39.4,89.5,1
17.8,34.1,59.2,1
58.3,17.2,48.1,0
27.9,25.4,88.7,1
50.1,38.4,36.5,0
29.3,22.2,80.2,1
56.2,34.1,27.9,0
30.7,34.1,88.5,0
23.2,33.8,84.9,1
16.4,37.0,39.7,1
44.4,20.2,26.0,0
70.9,16.6,43.8,0
20.1,24.5,46.2,1
15.8,27.8,49.4,1
27.8,24.7,21.8,1
40.6,28.6,38.9,0
50.8,25.3,42.4,0
29.7,25.0,75.3,1
63.2,16.9,36.3,0
25.8,32.2,79.4,1
21.6,23.7,84.6,1
22.8,30.3,72.0,1
68.0,15.4,26.4,0
20.2,29.8,62.4,1
56.2,27.0,28.1,0
20.0,32.9,62.9,1
67.7,30.9,52.7,0
19.2,33.7,74.2,1
72.6,36.0,34.5,0
68.0,18.1,44.8,0
39.4,23.8,34.0,0
19.8,31.5,49.1,1
60.7,26.5,44.4,0
21.1,21.0,76.7,1
23.6,40.0,39.7,1
19.0,23.7,82.0,1
21.4,29.3,25.0,1
64.9,37.4,37.5,0
27.9,36.2,66.9,1
65.9,21.0,26.6,0
57.3,37.0,64.4,0
57.5,17.5,44.5,0
25.2,36.9,36.2,1
23.6,40.0,39.7,1
15.5,23.2,84.7,1
16.0,19.1,73.5,1
77.6,17.2,58.6,0
55.7,30.0,89.5,0
21.4,20.8,25.5,1
54.6,32.3,20.0,0
54.8,30.1,82.2,0
20.0,32.9,62.9,1
21.1,19.4,33.7,1
72.5,21.9,43.0,0
77.2,38.7,72.2,0
15.4,31.1,66.9,1
24.6,17.1,71.9,1
46.9,20.2,41.3,0
62.4,36.1,56.8,0
51.6,32.9,51.2,0
16.6,39.2,30.5,1
40.1,20.8,89.9,0
68.6,38.0,89.2,0
26.0,18.6,37.8,1
45.5,38.0,48.9,0
64.6,22.4,27.0,0
66.4,28.0,81.1,0
16.7,22.6,31.3,1
20.0,19.5,35.0,1
20.0,23.8,88.2,1
76.8,38.4,64.7,0
23.2,17.7,72.5,1
57.3,18.0,50.9,0
16.4,20.6,87.3,1
37.4,20.5,33.0,0
20.5,17.1,83.2,1
18.3,15.5,44.7,1
17.3,35.8,36.9,1
19.3,17.3,32.8,1
57.2,29.9,76.9,0
75.6,34.2,85.5,0
29.3,20.4,58.4,1
18.2,21.2,40.2,1
62.2,16.5,73.6,0
42.7,28.9,26.6,0
49.1,20.5,48.5,0
80.0,36.1,60.7,0
18.3,20.0,60.5,1
71.7,32.9,49.7,0
74.4,21.5,41.4,0
17.8,26.3,78.0,1
15.1,17.2,45.9,1
28.1,19.6,46.2,1
44.6,38.4,33.6,0
15.2,31.5,49.2,1
18.8,17.4,28.4,1
24.0,15.9,43.2,1
47.6,31.1,62.2,0
45.1,18.1,59.9,0
19.8,31.5,49.1,1
27.5,23.2,86.8,1
48.1,22.7,59.5,0
37.6,29.0,57.2,0
16.3,17.8,65.4,1
15.8,27.8,49.4,1
37.5,16.5,63.7,0
25.3,35.2,44.1,1
17.2,28.5,24.7,1
19.1,33.6,45.3,1
23.5,22.1,31.6,1
16.5,37.5,60.6,1
21.4,26.0,80.6,1
34.5,33.0,51.9,0
79.4,39.3,70.6,0
16.8,30.9,89.7,1
15.3,34.1,83.6,1
48.8,26.6,50.9,0
24.4,24.6,78.4,1
31.9,22.4,31.2,0
53.8,35.6,40.5,0
43.9,39.4,21.9,0
58.3,18.0,55.9,0
20.1,36.9,57.4,1
44.8,33.2,22.2,0
78.2,33.5,89.6,0
16.3,30.9,80.4,1
36.3,26.9,63.4,0
36.5,21.4,29.6,0
24.4,20.7,29.6,1
27.5,16.9,36.4,1
20.2,16.4,21.4,1
25.8,27.9,24.9,1
49.6,24.8,41.6,0
60.5,16.2,65.6,0
62.0,38.3,72.3,0
37.8,34.9,60.2,0
61.0,27.5,86.5,0
30.6,37.2,88.1,0
42.0,38.8,85.7,0
57.7,21.4,31.6,0
17.6,25.0,71.2,1
71.3,24.8,44.8,0
47.3,32.7,85.3,0
23.3,31.5,84.6,1
21.8,27.9,86.2,1
70.7,16.5,50.2,0
47.3,16.9,21.2,0
79.1,34.6,75.3,0
20.7,38.5,57.5,1
18.7,32.6,87.7,1
15.1,27.5,20.1,1
27.5,25.0,43.6,1
26.7,20.2,74.3,1
25.0,20.8,49.7,1
31.1,18.7,22.8,0
49.7,20.8,70.9,0
42.3,37.4,67.4,0
23.7,16.5,82.4,1
71.0,17.5,45.7,0
67.8,31.4,71.0,0
19.5,31.6,25.7,1
66.6,26.9,51.2,0
33.8,21.8,52.2,0
35.4,36.7,77.5,0
51.2,20.3,89.8,0
68.9,20.4,85.6,0
19.5,18.6,34.1,1
57.8,32.6,39.5,0
27.2,25.4,79.7,1
24.0,21.8,23.4,1
43.4,39.5,60.4,0
76.7,22.7,59.8,0
75.2,36.5,50.2,0
58.9,33.5,60.2,0
49.5,17.2,24.0,0
44.1,19.2,66.4,0
29.9,25.6,24.8,1
74.5,36.8,25.3,0
21.1,15.2,71.1,1
30.1,21.6,75.6,0
29.8,31.7,72.6,1
61.9,32.3,26.5,0
45.9,34.7,24.5,0
64.1,20.8,56.1,0
34.2,30.0,86.8,0
57.3,26.3,68.8,0
26.6,18.4,56.0,1
73.7,27.1,22.2,0
21.7,24.0,78.0,1
23.2,19.9,28.6,1
36.9,27.7,62.5,0
16.2,36.8,78.5,1
47.6,37.6,46.5,0
18.2,15.8,70.4,1
62.7,24.6,38.0,0
49.1,37.0,39.8,0
29.2,38.2,71.3,1
26.0,18.6,37.8,1
43.5,21.4,79.3,0
37.3,35.7,53.4,0
18.8,31.5,68.4,1
26.0,27.1,41.0,1
64.7,18.3,41.4,0
29.0,28.8,37.9,1
31.8,23.5,24.2,0
41.8,17.1,27.2,0
36.5,15.9,41.6,0
26.6,30.6,34.4,1
16.5,29.6,84.2,1
40.0,17.6,46.0,0
79.3,21.0,81.5,0
23.6,40.0,39.7,1
65.9,38.7,63.5,0
36.1,27.3,47.4,0
70.8,30.1,25.9,0
34.4,26.6,81.1,0
65.2,26.6,22.7,0
22.3,15.1,32.0,1
19.6,36.0,22.6,1
74.1,28.5,21.5,0
27.9,38.3,31.5,1
39.0,36.9,84.1,0
34.7,29.8,54.0,0
48.0,20.0,37.6,0
51.2,31.1,74.8,0
79.8,29.3,77.0,0
27.6,24.7,59.4,1
28.3,37.7,56.8,1
31.3,21.5,33.9,0
25.3,32.5,87.8,1
17.3,18.3,88.7,1
21.7,24.0,78.0,1
57.9,19.6,23.8,0
19.2,27.6,77.1,1
28.0,26.2,57.9,1
29.2,38.2,71.3,1
79.7,33.8,68.1,0
35.4,26.8,43.4,0
29.8,39.3,62.2,1
24.0,38.5,22.3,1
32.1,20.4,68.9,0
44.3,35.6,26.9,0
50.4,17.7,59.2,0
27.0,40.0,54.0,1
18.0,26.5,85.1,1
19.8,31.5,49.1,1
25.4,28.2,49.7,1
36.0,24.6,44.0,0
70.9,32.8,74.1,0
52.3,30.4,80.0,0
37.4,30.5,73.4,0
25.6,26.0,83.6,1
34.1,36.9,70.6,0
69.3,32.2,40.5,0
78.5,36.5,34.1,0
43.3,31.5,20.4,0
21.5,31.5,47.2,1
65.4,26.2,74.2,0
67.4,39.6,88.1,0
33.7,36.9,55.2,0
51.5,21.4,73.2,0
69.4,23.4,56.6,0
20.5,17.1,83.2,1
25.0,18.5,81.4,1
47.4,37.6,75.4,0
19.6,31.4,41.5,1
25.6,28.0,43.6,1
23.2,28.2,65.6,1
78.8,30.3,73.8,0
66.3,30.9,44.8,0
63.8,31.3,24.3,0
69.2,35.7,57.1,0
18.2,22.6,37.0,1
18.7,33.8,36.2,1
69.6,33.1,77.5,0
30.1,18.6,68.3,0
77.4,28.6,66.3,0
25.6,32.0,63.2,1
26.6,30.6,34.4,1
75.1,17.2,80.0,0
26.0,18.6,37.8,1
18.8,36.9,42.0,1
18.9,31.3,73.4,1
42.3,35.3,24.8,0
65.6,18.7,67.3,0
36.2,21.2,79.2,0
20.2,32.5,72.1,1
28.0,26.2,57.9,1
18.9,35.9,65.1,1
27.6,33.4,45.3,1
26.4,37.7,35.0,1
74.7,34.9,47.1,0
18.5,27.7,79.1,1
21.1,15.1,75.9,1
15.3,28.6,27.4,1
23.2,33.8,84.9,1
28.8,36.2,79.9,1
25.3,36.4,39.7,1
37.1,29.9,57.2,0
19.0,37.9,80.6,1
31.8,27.0,63.0,0
71.9,36.7,79.0,0
47.4,32.9,54.0,0
26.9,38.9,60.8,1
60.0,22.5,32.5,0
58.0,15.1,86.9,0
21.0,20.9,89.9,1
73.9,28.0,67.1,0
29.4,19.3,63.3,1
43.4,29.5,81.4,0
78.7,32.7,69.4,0
24.1,18.4,81.8,1
28.0,26.2,57.9,1
54.2,23.1,62.8,0
75.7,21.6,85.0,0
27.5,25.0,43.6,1
48.3,33.7,20.1,0
29.2,38.2,71.3,1
24.0,23.9,38.3,1
28.0,15.2,49.3,1
51.4,24.2,40.5,0
27.2,23.9,31.7,1
47.7,34.3,80.5,0
22.7,23.3,75.8,1
22.0,32.3,30.7,1
20.1,26.4,56.2,1
69.2,25.4,38.3,0
17.2,33.2,60.9,1
16.3,17.8,65.4,1
19.8,31.5,49.1,1
20.0,34.8,45.0,1
21.5,31.5,47.2,1
21.7,34.7,48.7,1
48.1,38.9,55.2,0
19.0,37.9,80.6,1
67.6,32.1,29.4,0
66.1,35.9,38.9,0
33.5,25.0,86.8,0
78.7,26.8,52.6,0
20.3,27.6,68.3,1
38.1,26.2,52.1,0
78.4,24.7,83.5,0
22.0,39.2,74.7,1
32.0,26.2,53.5,0
79.1,38.5,26.1,0
17.5,32.7,24.7,1
17.1,18.4,76.7,1
28.8,22.1,83.8,1
65.9,38.6,67.1,0
67.9,17.3,51.5,0
23.3,22.8,46.2,1
52.3,28.7,80.7,0
57.1,36.8,58.7,0
58.9,33.7,42.9,0
63.6,22.4,24.2,0
19.6,27.1,70.0,1
29.0,34.4,89.8,1
72.8,30.1,21.8,0
28.8,29.0,44.3,1
78.2,26.8,55.5,0
32.3,39.2,52.0,0
59.8,17.6,37.2,0
31.0,23.1,29.3,0
29.3,23.7,88.5,1
38.2,25.7,38.9,0
15.5,23.2,84.7,1
19.6,21.9,29.0,1
21.4,26.1,61.6,1
26.6,30.6,34.4,1
15.4,31.1,66.9,1
27.0,33.0,76.3,1
38.9,23.1,74.4,0
69.8,26.0,89.6,0
28.3,37.7,56.8,1
44.0,21.5,65.2,0
67.5,38.4,29.6,0
15.9,29.5,63.3,1
16.7,19.0,54.7,1
20.8,22.8,27.5,1
17.6,35.5,66.3,1
64.0,17.5,87.8,0
49.3,21.8,84.8,0
20.9,33.8,30.3,1
34.0,19.7,35.8,0
28.0,28.5,82.0,1
17.8,26.8,22.8,1
42.1,17.3,56.2,0
23.4,34.4,62.6,1
30.2,33.9,79.4,0
19.0,29.1,24.6,1
39.9,28.3,42.2,0
39.2,28.3,87.8,0
78.2,18.2,21.2,0
45.2,23.2,59.7,0
19.6,21.9,29.0,1
23.0,19.3,44.5,1
46.1,27.1,48.9,0
72.5,24.1,74.8,0
20.2,31.7,28.6,1
27.6,23.1,52.6,1
39.5,24.5,43.6,0
17.2,29.5,25.6,1
15.3,24.5,27.3,1
27.6,35.0,73.8,1
61.9,39.6,50.2,0
68.6,20.8,20.0,0
59.9,33.4,66.7,0
26.9,20.5,49.2,1
71.1,33.9,59.8,0
25.3,36.4,39.7,1
20.5,26.4,77.3,1
76.7,28.6,27.2,0
41.9,27.3,46.3,0
27.5,16.9,36.4,1
28.6,35.9,88.7,1
25.1,25.9,37.9,1
17.6,25.0,71.2,1
18.7,17.8,56.5,1
78.5,27.5,60.1,0
19.7,28.2,70.9,1
57.5,29.4,21.8,0
17.3,38.2,52.2,1
25.0,27.5,77.8,1
73.3,20.3,40.1,0
49.9,25.1,30.2,0
62.4,36.6,26.7,0
15.5,21.0,77.9,1
75.6,16.7,27.8,0
29.0,34.1,45.4,1
20.1,24.5,46.2,1
24.6,25.0,24.2,1
40.5,39.4,24.7,0
73.4,32.1,20.7,0
27.0,33.0,76.3,1
24.0,17.8,80.9,1
38.9,29.3,59.2,0
16.6,28.4,55.6,1
20.3,27.5,35.0,1
67.7,22.9,66.1,0
28.8,36.1,87.8,1
29.6,30.9,65.7,1
29.3,33.9,21.3,1
73.0,35.3,45.6,0
64.0,20.1,74.7,0
23.5,28.1,56.0,1
57.2,36.2,58.4,0
46.7,35.5,25.5,0
25.2,36.9,36.2,1
18.4,16.4,69.5,1
24.2,39.0,25.0,1
23.3,31.5,84.6,1
55.6,27.0,21.7,0
22.4,29.0,36.6,1
63.1,32.1,53.4,0
23.4,34.9,43.7,1
51.9,25.6,21.1,0
20.7,26.7,72.1,1
28.5,27.7,66.5,1
28.3,23.3,89.2,1
43.0,20.6,33.3,0
58.8,27.1,36.6,0
17.8,24.1,44.4,1
62.6,36.8,48.2,0
22.2,28.0,61.6,1
27.4,16.3,71.4,1
29.8,23.0,83.7,1
26.9,38.9,60.8,1
77.2,34.7,60.3,0
29.7,28.5,77.7,1
18.8,21.3,53.4,1
16.0,34.3,68.4,1
27.9,37.6,59.2,1
39.0,36.7,33.6,0
55.8,36.7,72.9,0
40.2,18.1,50.5,0
17.9,25.8,48.0,1
69.8,35.1,64.0,0
75.2,22.8,66.5,0
16.2,25.7,60.5,1
24.0,38.5,22.3,1
16.3,33.3,85.9,1
32.9,33.5,40.0,0
66.2,33.1,82.0,0
34.1,19.1,46.3,0
18.2,25.3,59.2,1
28.9,39.1,83.5,1
27.9,25.4,88.7,1
64.3,33.6,25.3,0
28.8,36.2,79.9,1
52.5,18.7,42.6,0
37.2,35.7,42.2,0
33.0,16.6,30.7,0
31.9,17.3,57.0,0
28.4,19.3,89.5,1
68.5,27.5,88.5,0
21.4,16.7,80.7,1
22.1,19.8,52.0,1
78.9,18.4,44.9,0
65.7,32.8,59.6,0
27.5,23.2,86.8,1
19.0,35.4,77.5,1
31.3,31.4,60.1,0
44.1,18.9,41.6,0
25.0,30.0,60.0,1
49.6,37.9,46.4,0
43.8,28.9,58.9,0
18.5,27.7,79.1,1
36.4,33.2,35.7,0
54.9,20.6,78.1,0
59.5,26.8,85.5,0
77.1,25.2,71.0,0
40.1,37.2,64.0,0
71.6,37.0,47.6,0
41.8,31.2,66.6,0
35.8,35.5,78.4,0
26.4,21.8,61.0,1
19.6,21.9,29.0,1
23.0,36.0,88.5,1
73.3,20.9,45.1,0
21.4,26.0,80.6,1
20.5,39.6,73.4,1
50.1,24.9,30.6,0
16.6,20.8,38.5,1
25.4,31.6,40.4,1
27.1,38.1,36.7,1
25.4,18.9,44.9,1
26.4,16.4,39.1,1
52.2,28.8,54.7,0
19.9,15.9,41.7,1
70.3,37.4,20.9,0
16.9,15.5,43.9,1
70.9,28.2,65.0,0
27.6,33.4,45.3,1
56.8,32.5,48.4,0
32.3,36.9,44.8,0
66.6,25.7,63.2,0
24.1,31.3,42.4,1
19.3,17.3,32.8,1
24.4,31.6,56.3,1
59.1,34.9,44.0,0
57.2,38.8,21.2,0
56.8,36.2,40.0,0
22.7,22.6,78.7,1
21.4,20.8,25.5,1
19.3,19.3,28.4,1
17.3,30.2,87.7,1
42.8,31.9,62.1,0
20.0,32.9,62.9,1
31.8,31.6,55.2,0
20.3,22.6,36.3,1
25.2,22.1,71.3,1
18.3,22.1,24.0,1
22.9,35.8,28.1,1
20.2,16.4,21.4,1
28.8,22.1,83.8,1
29.8,15.5,25.7,1
22.8,25.7,86.4,1
42.2,30.1,69.7,0
27.4,16.3,71.4,1
49.0,15.8,31.3,0
28.5,27.7,66.5,1
19.0,23.7,82.0,1
29.1,36.3,73.3,1
22.6,35.3,60.5,1
22.4,29.0,36.6,1
38.4,15.2,89.4,0
72.3,20.5,28.2,0
26.7,23.2,67.9,1
31.4,31.2,89.6,0
19.6,27.1,70.0,1
41.7,33.6,81.5,0
67.7,28.1,54.4,0
15.5,24.6,53.6,1
20.9,34.4,60.7,1
65.0,24.5,74.5,0
19.3,28.1,49.5,1
51.5,21.3,83.3,0
20.4,29.6,60.0,1
70.7,39.3,82.3,0
26.4,16.4,39.1,1
21.1,18.1,71.7,1
18.6,17.6,65.9,1
30.3,19.2,85.6,0
39.6,18.5,54.6,0
51.2,21.9,76.4,0
71.0,34.1,53.4,0
27.2,34.3,83.2,1
38.6,36.3,67.8,0
73.9,16.1,67.8,0
25.6,28.0,43.6,1
16.6,38.5,49.9,1
26.2,29.4,22.8,1
33.9,27.0,30.4,0
15.1,23.4,59.1,1
58.4,29.4,86.1,0
29.3,33.9,21.3,1
66.0,39.1,54.7,0
52.5,35.4,64.8,0
27.2,16.2,54.2,1
75.2,24.3,79.6,0
58.0,17.7,24.9,0
22.8,40.0,34.2,1
18.6,17.6,65.9,1
61.4,22.7,89.1,0
67.0,18.0,50.0,0
26.9,38.9,60.8,1
60.4,22.9,64.1,0
29.2,26.0,65.4,1
75.9,24.4,70.6,0
67.8,37.1,65.4,0
21.6,23.1,25.9,1
74.2,20.5,61.7,0
24.5,30.5,24.9,1
18.4,16.4,69.5,1
19.9,24.5,79.9,1
37.0,26.8,59.4,0
73.5,19.8,64.5,0
34.7,21.0,33.1,0
35.9,17.2,58.5,0
59.3,21.9,75.0,0
19.1,17.2,63.3,1
64.3,26.1,35.4,0
62.7,32.7,69.9,0
70.0,34.6,22.6,0
19.6,21.9,29.0,1
22.3,15.1,32.0,1
74.2,34.8,56.4,0
25.7,24.1,46.3,1
60.7,25.5,42.6,0
66.3,37.1,86.7,0
38.8,23.7,26.5,0
16.0,21.8,57.4,1
28.8,36.2,79.9,1
27.9,18.9,83.3,1
26.0,36.1,66.8,1
65.9,23.0,56.0,0
27.5,32.9,73.4,1
23.6,22.9,20.4,1
76.0,19.2,57.8,0
16.3,16.8,45.2,1
59.4,38.1,76.1,0
21.1,23.1,34.7,1
24.1,18.5,82.6,1
23.6,27.9,74.3,1
23.8,35.6,45.8,1
49.9,37.6,32.5,0
27.1,38.1,36.7,1
26.3,28.6,89.5,1
65.0,33.4,82.8,0
55.3,28.1,38.8,0
73.1,27.2,38.3,0
24.8,33.5,60.9,1
53.3,16.1,41.4,0
16.8,32.4,45.0,1
19.2,30.2,61.2,1
26.7,29.6,60.9,1
74.0,32.8,77.0,0
72.0,17.5,57.5,0
17.9,34.3,56.0,1
15.9,27.6,81.2,1
54.2,38.6,78.3,0
62.9,17.6,41.5,0
64.0,24.2,69.1,0
29.1,36.3,73.3,1
25.9,20.6,76.9,1
27.1,38.1,36.7,1
23.5,22.1,31.6,1
77.0,27.3,40.2,0
24.1,18.5,82.6,1
75.2,35.4,82.0,0
52.9,30.5,62.9,0
47.8,17.6,39.0,0
16.7,15.8,48.6,1
18.7,30.6,46.9,1
26.8,33.1,20.9,1
77.3,36.8,63.7,0
16.8,29.9,74.4,1
64.7,32.4,87.3,0
25.3,31.4,20.3,1
18.8,21.3,53.4,1
62.1,28.1,37.5,0
27.1,27.4,48.5,1
45.9,35.8,84.2,0
31.6,25.1,82.6,0
28.2,33.4,26.8,1
37.4,29.2,32.4,0
25.0,20.8,49.7,1
55.2,20.7,21.2,0
68.7,36.5,32.5,0
27.0,33.0,76.3,1
17.1,19.8,40.0,1
25.0,30.0,60.0,1
24.5,29.0,47.8,1
38.9,33.9,50.4,0
19.3,17.3,32.8,1
15.3,24.5,27.3,1
52.3,30.6,24.2,0
18.5,25.9,55.6,1
77.0,23.7,38.9,0
35.4,20.0,86.1,0
69.8,33.0,31.4,0
15.4,33.6,68.8,1
27.1,21.4,70.7,1
43.6,32.8,68.7,0
57.8,25.1,24.3,0
67.5,25.7,23.8,0
74.1,37.7,41.1,0
33.3,16.5,59.3,0
50.9,28.4,27.4,0
17.9,15.5,51.9,1
17.1,18.4,76.7,1
31.0,27.7,59.2,0
60.4,39.1,39.4,0
55.4,27.5,56.1,0
34.0,21.3,69.4,0
59.9,35.2,32.7,0
44.2,27.1,36.9,0
71.9,33.6,42.3,0
24.4,33.0,42.6,1
18.7,17.8,56.5,1
18.5,20.8,77.2,1
64.1,39.0,84.6,0
68.3,24.3,26.5,0
33.5,17.1,77.0,0
77.5,26.4,21.8,0
25.1,26.5,59.7,1
26.7,29.6,60.9,1
21.4,26.0,80.6,1
24.6,17.8,69.4,1
27.1,16.3,71.1,1
25.8,27.9,24.9,1
38.4,36.3,31.0,0
21.5,31.5,47.2,1
59.6,29.0,42.5,0
31.7,35.2,39.0,0
17.0,32.9,68.7,1
44.0,39.2,53.6,0
25.8,27.9,24.9,1
23.3,15.1,78.0,1
46.8,36.9,59.4,0
72.3,26.1,33.6,0
30.1,34.3,75.1,0
37.2,37.5,62.5,0
22.6,33.6,79.5,1
18.4,17.8,45.4,1
23.1,24.9,78.3,1
63.3,22.0,30.5,0
71.9,36.2,37.0,0
23.2,25.9,76.8,1
19.8,24.8,33.8,1
33.8,18.6,33.0,0
80.0,34.4,28.1,0
53.6,28.4,79.0,0
48.5,31.5,60.4,0
27.1,21.4,70.7,1
53.4,18.9,46.7,0
34.5,26.5,36.5,0
20.0,37.3,74.3,1
68.2,26.1,46.4,0
64.0,30.0,25.5,0
21.3,19.7,57.1,1
42.3,15.4,72.9,0
33.0,19.7,83.4,0
29.8,31.7,72.6,1
18.0,32.8,51.6,1
69.4,36.1,67.7,0
17.4,19.7,77.7,1
22.1,29.4,50.2,1
23.2,33.8,84.9,1
29.5,28.9,77.5,1
16.4,22.4,80.5,1
43.7,15.1,34.5,0
23.1,26.1,26.0,1
35.2,20.8,50.5,0
29.9,39.9,53.8,1
53.5,30.9,53.5,0
29.2,38.2,71.3,1
59.6,22.3,86.6,0
43.0,16.8,63.7,0
23.8,19.1,58.9,1
23.2,25.9,76.8,1
79.7,28.2,72.3,0
39.1,39.9,59.7,0
59.2,22.4,26.3,0
28.0,26.3,81.0,1
78.8,31.8,66.5,0
57.8,38.5,37.6,0
68.9,21.2,64.2,0
42.8,35.4,42.2,0
24.0,19.8,30.1,1
37.9,15.2,32.8,0
64.2,35.6,59.9,0
79.7,20.7,26.0,0
60.3,26.2,84.5,0
17.1,19.8,40.0,1
15.5,19.1,89.0,1
19.6,27.1,70.0,1
50.2,33.6,87.8,0
60.6,39.2,40.5,0
75.0,20.9,44.5,0
15.3,19.7,27.3,1
30.0,25.9,42.6,0
50.2,23.3,81.5,0
25.2,36.9,36.2,1
17.8,24.1,37.4,1
29.2,36.7,78.5,1
26.7,20.2,74.3,1
66.0,24.7,75.5,0
54.7,38.9,55.2,0
27.8,24.7,21.8,1
35.8,38.6,35.5,0
75.4,26.3,39.3,0
16.1,32.6,31.1,1
50.3,24.8,74.2,0
27.2,16.2,54.2,1
68.2,38.8,85.8,0
53.7,24.3,78.2,0
16.5,20.6,45.1,1
68.6,39.2,43.3,0
20.2,29.8,62.4,1
24.7,19.8,31.2,1
60.7,33.4,55.8,0
16.5,29.6,84.2,1
23.8,19.1,58.9,1
17.2,28.5,24.7,1
31.6,24.5,27.5,0
27.1,27.4,48.5,1
25.8,26.1,78.6,1
16.4,22.4,80.5,1
35.8,17.7,80.4,0
21.4,37.8,25.2,1
28.6,20.2,43.6,1
72.7,21.6,44.3,0
73.9,27.5,29.4,0
72.5,18.6,65.1,0
50.9,32.2,33.2,0
16.9,36.7,83.7,1
42.7,24.2,54.8,0
28.6,20.2,43.6,1
65.8,35.6,63.7,0
16.7,31.9,85.2,1
38.5,27.9,89.2,0
24.3,22.3,31.1,1
17.7,17.5,63.8,1
38.3,26.4,61.6,0
46.5,20.5,87.6,0
49.6,26.5,22.5,0
32.5,36.8,81.4,0
22.8,25.7,86.4,1
29.6,19.3,34.1,1
39.2,15.1,37.4,0
16.8,29.9,74.4,1
19.6,36.0,22.6,1
20.4,29.6,60.0,1
34.0,26.2,45.9,0
21.0,17.2,83.4,1
22.0,36.5,53.0,1
20.0,19.5,35.0,1
64.3,36.3,58.6,0
65.8,26.4,75.6,0
40.2,24.8,52.9,0
16.6,21.9,87.4,1
71.2,36.8,21.9,0
74.3,21.1,32.9,0
16.5,22.7,22.8,1
64.0,27.2,27.9,0
37.9,35.6,49.0,0
17.5,28.8,51.4,1
61.3,20.4,31.4,0
15.3,32.1,68.0,1
53.7,28.8,30.6,0
71.5,20.1,22.8,0
21.2,17.0,39.1,1
45.8,19.6,45.7,0
17.1,21.2,32.0,1
23.0,19.3,44.5,1
37.5,24.8,78.7,0
25.5,30.8,74.7,1
56.5,25.2,88.7,0
28.0,26.3,81.0,1
23.4,34.9,43.7,1
72.9,24.3,67.1,0
60.8,30.0,42.1,0
18.7,27.5,75.6,1
71.8,32.4,63.7,0
23.8,19.1,58.9,1
52.2,33.4,40.8,0
31.0,25.7,83.0,0
69.1,34.3,53.5,0
45.2,37.5,23.0,0
51.7,19.6,41.2,0
22.7,23.3,75.8,1
52.4,37.9,50.0,0
17.3,35.8,36.9,1
65.6,19.9,36.6,0
17.4,28.3,24.0,1
25.1,18.8,31.2,1
16.5,37.5,60.6,1
23.3,39.2,31.3,1
19.1,33.6,45.3,1
63.5,28.1,22.8,0
40.0,35.2,43.9,0
26.9,35.2,41.1,1
41.9,36.2,27.5,0
59.4,26.0,58.5,0
66.6,16.5,77.2,0
19.1,30.8,51.5,1
27.9,19.4,31.6,1
59.1,25.4,20.2,0
23.1,25.3,59.7,1
58.3,17.6,70.9,0
19.1,33.6,45.3,1
28.6,35.3,60.0,1
62.7,35.9,36.2,0
27.2,27.5,43.1,1
18.0,32.8,51.6,1
67.2,27.0,68.3,0
21.4,20.6,79.5,1
45.8,23.3,30.9,0
26.2,29.4,22.8,1
63.6,31.9,47.6,0
27.3,26.1,65.6,1
16.4,37.0,39.7,1
17.8,24.1,37.4,1
74.7,34.1,23.2,0
18.2,22.6,37.0,1
60.9,24.3,64.1,0
30.3,19.9,49.3,0
57.4,19.9,47.3,0
22.2,33.1,53.8,1
55.2,21.6,44.3,0
33.1,37.9,26.1,0
22.7,28.6,64.0,1
26.7,29.6,60.9,1
37.3,18.0,71.6,0
67.8,28.2,60.4,0
53.4,25.2,35.7,0
20.9,39.9,47.0,1
34.9,16.3,30.7,0
18.4,25.4,78.8,1
32.7,15.5,52.9,0
58.3,21.3,75.2,0
29.8,19.1,40.4,1
62.6,30.1,30.0,0
55.6,28.6,74.1,0
20.0,23.8,88.2,1
16.9,15.5,43.9,1
41.4,33.7,80.0,0
20.9,34.4,60.7,1
45.7,33.8,69.7,0
25.0,23.1,67.7,1
74.1,33.1,24.7,0
17.1,18.8,89.1,1
63.2,34.7,63.0,0
16.7,18.1,31.1,1
27.4,37.4,47.7,1
68.9,17.1,21.7,0
40.9,35.5,28.1,0
49.6,26.7,26.7,0
60.9,21.7,24.3,0
47.7,23.7,36.4,0
18.7,33.8,36.2,1
57.9,38.2,72.9,0
72.6,38.5,59.9,0
28.8,18.6,36.2,1
45.3,22.9,72.8,0
71.1,22.9,49.0,0
23.1,23.2,73.2,1
29.8,15.5,25.7,1
67.6,21.3,80.6,0
20.2,33.2,48.7,1
15.5,19.1,89.0,1
64.3,33.6,43.8,0
69.0,18.8,67.3,0
28.0,26.3,81.0,1
64.7,33.6,24.0,0
20.2,31.7,28.6,1
19.8,18.5,38.7,1
64.4,32.4,70.5,0
16.5,16.7,83.6,1
59.3,28.8,59.5,0
28.4,16.1,45.6,1
73.8,31.0,49.5,0
69.1,30.0,26.8,0
16.6,38.5,49.9,1
57.1,39.3,81.8,0
23.6,27.9,74.3,1
75.2,29.5,47.6,0
24.5,29.0,47.8,1
75.9,21.2,48.7,0
48.9,36.6,62.1,0
72.3,29.5,78.5,0
56.0,20.2,84.5,0
25.1,26.5,59.7,1
27.5,16.9,36.4,1
23.7,34.2,60.3,1
24.7,24.8,36.0,1
37.6,19.9,51.5,0
19.3,17.3,32.8,1
32.0,15.6,48.1,0
49.2,30.3,44.3,0
23.8,19.1,58.9,1
65.6,16.9,85.0,0
45.8,18.4,47.7,0
24.2,16.7,64.6,1
25.3,36.4,39.7,1
41.8,26.0,64.4,0
16.6,28.4,55.6,1
59.8,27.9,43.4,0
16.5,22.7,22.8,1
79.8,18.6,84.3,0
52.0,28.4,40.4,0
58.3,15.2,25.6,0
22.7,22.6,78.7,1
29.6,30.8,34.2,1
24.4,24.6,78.4,1
35.7,36.0,47.2,0
18.7,21.2,83.9,1
16.4,37.0,39.7,1
22.5,21.6,42.5,1
26.6,33.4,46.6,1
25.3,27.0,29.5,1
18.4,16.4,69.5,1
17.8,37.6,44.3,1
25.8,18.9,30.7,1
32.4,19.3,83.7,0
28.5,21.1,63.9,1
66.9,26.5,72.2,0
23.2,15.4,79.6,1
69.7,19.0,21.8,0
15.2,28.3,73.9,1
25.1,34.7,30.0,1
29.9,19.7,33.3,1
15.5,37.1,44.7,1
53.6,17.9,59.2,0
22.9,34.6,81.1,1
63.2,23.4,41.3,0
15.3,26.7,74.1,1
28.5,35.4,26.0,1
68.8,27.9,25.8,0
23.3,22.8,46.2,1
21.4,20.2,36.6,1
59.3,30.5,55.1,0
42.4,38.3,56.9,0
28.6,35.3,60.0,1
44.9,38.7,64.3,0
30.1,19.2,29.1,0
19.3,28.1,49.5,1
38.9,22.5,72.9,0
26.2,30.7,24.4,1
76.7,24.6,29.6,0
54.8,37.2,74.8,0
25.6,24.9,35.7,1
44.9,31.0,41.8,0
62.2,29.0,66.6,0
79.2,18.2,37.1,0
74.0,33.7,53.4,0
47.5,33.7,53.5,0
32.3,36.1,74.1,0
24.1,18.4,81.8,1
52.9,32.1,88.0,0
49.6,17.5,59.4,0
64.6,36.6,85.3,0
72.2,35.6,69.7,0
40.6,31.8,76.5,0
15.3,34.1,83.6,1
19.7,23.9,56.7,1
25.6,20.2,29.8,1
15.5,21.0,77.9,1
27.9,32.1,23.1,1
76.3,31.0,69.7,0
46.1,23.7,75.8,0
17.6,25.0,71.2,1
24.1,19.1,62.8,1
61.9,22.9,66.0,0
28.4,16.1,45.6,1
29.9,39.9,53.8,1
26.4,37.7,35.0,1
26.3,25.4,86.3,1
21.4,37.8,25.2,1
28.8,36.1,87.8,1
30.9,20.9,55.7,0
29.1,23.4,79.7,1
25.2,36.9,36.2,1
24.0,25.7,89.2,1
17.2,28.5,24.7,1
66.8,20.4,76.5,0
36.1,18.1,51.1,0
19.7,23.9,56.7,1
23.3,21.4,84.4,1
72.9,37.1,41.1,0
27.9,37.6,59.2,1
63.1,37.2,61.7,0
24.1,18.5,82.6,1
43.9,18.7,22.5,0
78.5,17.9,54.9,0
62.1,15.8,81.5,0
22.8,31.5,27.6,1
27.9,36.2,66.9,1
21.1,19.4,33.7,1
34.9,39.8,60.8,0
17.3,18.3,88.7,1
29.8,27.1,63.2,1
18.3,35.3,39.4,1
78.5,25.9,81.0,0
55.1,28.9,73.5,0
37.9,19.7,42.6,0
74.7,17.7,64.8,0
68.1,26.3,76.3,0
52.1,20.1,84.6,0
36.6,34.3,41.7,0
21.5,31.9,47.8,1
24.1,18.5,82.6,1
28.3,17.0,29.5,1
26.8,26.0,83.2,1
28.6,35.3,60.0,1
72.0,39.0,73.0,0
41.2,38.4,72.8,0
43.4,24.9,32.8,0
16.5,22.7,22.8,1
62.1,20.3,88.5,0
66.8,36.5,76.1,0
67.2,23.1,21.8,0
25.9,23.8,73.5,1
57.0,17.1,49.2,0
47.2,22.1,22.6,0
26.4,21.8,61.0,1
17.6,18.0,85.6,1
40.8,31.4,28.3,0
25.1,16.5,43.1,1
57.0,26.4,64.0,0
25.3,36.4,39.7,1
34.1,37.7,56.9,0
59.2,38.6,73.0,0
18.5,27.7,79.1,1
17.8,26.8,22.8,1
27.9,25.4,88.7,1
29.9,25.6,24.8,1
20.1,15.4,64.8,1
78.9,20.6,52.4,0
20.5,26.4,77.3,1
22.0,32.3,30.7,1
74.4,29.3,88.8,0
27.9,37.6,59.2,1
37.6,29.6,43.2,0
29.1,22.0,49.1,1
69.9,39.3,69.6,0
16.5,29.6,84.2,1
49.3,20.4,61.3,0
35.6,24.4,82.0,0
54.7,35.3,32.4,0
49.0,16.9,30.8,0
62.4,34.7,72.1,0
18.5,17.7,20.9,1
52.8,22.3,78.0,0
46.8,31.7,38.2,0
18.9,35.9,65.1,1
23.5,22.1,31.6,1
27.1,16.3,71.1,1
24.4,16.9,29.6,1
66.3,16.7,72.2,0
17.3,30.2,87.7,1
74.8,27.7,71.1,0
16.7,19.0,54.7,1
45.2,35.9,72.1,0
24.0,38.5,22.3,1
48.8,19.0,78.6,0
59.4,18.1,84.3,0
30.2,15.4,41.5,0
16.2,25.7,60.5,1
27.6,33.4,45.3,1
65.4,19.7,27.3,0
36.2,24.0,68.3,0
74.7,37.7,21.7,0
27.8,24.3,88.5,1
24.2,27.1,78.6,1
71.3,23.7,64.5,0
57.6,28.3,43.0,0
38.8,28.8,84.0,0
18.7,32.6,87.7,1
16.3,37.7,57.0,1
24.1,36.1,72.1,1
68.1,24.4,20.2,0
47.8,18.5,53.3,0
28.8,22.1,83.8,1
19.9,15.9,41.7,1
16.4,20.6,87.3,1
17.9,15.5,51.9,1
17.5,21.9,86.8,1
66.8,35.3,38.7,0
29.4,37.2,30.4,1
26.4,25.6,69.4,1
26.7,23.2,67.9,1
53.4,35.2,90.0,0
24.1,19.1,62.8,1
29.2,36.7,78.5,1
37.3,24.2,59.4,0
32.0,19.3,48.2,0
27.8,24.3,88.5,1
47.4,21.4,85.2,0
19.6,21.9,29.0,1
69.8,21.5,41.7,0
29.1,22.0,49.1,1
72.0,17.6,78.8,0
18.9,31.3,73.4,1
36.8,37.5,33.6,0
53.9,21.9,52.8,0
39.5,29.2,57.8,0
33.0,34.5,43.7,0
30.9,38.8,26.2,0
69.5,25.5,54.8,0
70.5,30.3,37.7,0
16.9,36.7,83.7,1
67.2,15.1,51.9,0
38.1,28.0,60.3,0
27.2,27.5,43.1,1
77.9,18.1,44.2,0
44.6,24.6,55.7,0
29.0,34.4,89.8,1
76.7,37.9,71.8,0
17.4,25.6,22.5,1
37.5,28.4,42.6,0
17.4,25.6,22.5,1
46.9,39.5,51.1,0
53.9,16.5,25.2,0
17.1,21.2,32.0,1
24.6,25.0,24.2,1
26.4,30.2,67.1,1
41.2,35.9,74.1,0
32.1,15.4,20.9,0
18.2,35.7,59.1,1
17.2,33.2,60.9,1
49.5,27.7,72.6,0
69.9,35.7,61.6,0
42.9,25.5,31.1,0
62.4,25.0,74.7,0
75.9,36.3,20.5,0
67.4,33.1,80.7,0
50.3,24.3,41.5,0
64.9,25.4,63.5,0
49.1,32.5,52.7,0
65.2,35.8,42.7,0
25.9,23.8,73.5,1
30.5,33.6,23.3,0
62.9,38.7,86.7,0
23.3,31.5,84.6,1
17.9,25.8,48.0,1
16.2,25.7,60.5,1
52.3,39.8,37.8,0
24.7,21.4,65.7,1
42.3,38.8,26.4,0
32.6,23.0,32.9,0
22.7,16.7,67.0,1
18.8,21.3,53.4,1
20.5,31.9,21.9,1
60.5,34.0,63.6,0
52.7,22.1,62.0,0
19.7,23.9,56.7,1
25.5,33.9,36.3,1
28.8,37.0,28.9,1
25.6,26.0,83.6,1
68.7,30.2,42.8,0
35.1,34.2,81.4,0
19.9,15.9,41.7,1
19.6,21.9,29.0,1
54.6,31.3,59.0,0
23.7,31.9,42.2,1
21.3,29.0,78.7,1
20.0,33.7,85.7,1
69.0,19.7,62.1,0
26.6,33.4,46.6,1
56.2,16.3,64.1,0
17.7,36.7,73.2,1
52.0,17.9,61.4,0
16.5,29.6,84.2,1
24.0,15.9,43.2,1
71.6,17.9,31.1,0
17.3,19.4,85.3,1
19.6,31.4,41.5,1
54.3,25.2,39.6,0
24.7,17.0,87.5,1
20.8,22.8,27.5,1
29.6,30.8,34.2,1
54.2,26.2,41.2,0
35.1,40.0,66.5,0
20.3,27.5,35.0,1
17.1,19.8,40.0,1
63.9,20.0,28.1,0
25.7,24.1,46.3,1
21.1,19.4,33.7,1
58.6,22.4,37.4,0
29.8,15.5,25.7,1
69.9,31.3,57.7,0
19.0,29.2,89.6,1
42.7,38.4,34.6,0
78.1,30.8,83.8,0
40.8,23.7,76.4,0
21.3,35.8,60.3,1
32.8,29.7,65.8,0
33.4,19.2,27.1,0
24.0,38.5,22.3,1
80.0,20.2,69.7,0
22.9,35.8,28.1,1
23.1,24.9,78.3,1
23.6,40.0,39.7,1
31.0,24.9,32.2,0
20.1,26.4,56.2,1
22.1,16.5,75.1,1
60.9,21.5,76.0,0
54.6,39.9,71.3,0
37.7,18.2,78.4,0
35.4,28.1,35.3,0
28.3,27.5,47.6,1
22.0,22.8,67.7,1
38.6,17.8,65.3,0
22.2,28.0,61.6,1
22.6,35.3,60.5,1
24.1,18.5,82.6,1
54.9,22.7,87.6,0
29.2,37.9,87.5,1
54.1,16.3,84.5,0
25.4,15.3,58.3,1
21.4,16.7,80.7,1
74.7,29.6,26.4,0
62.5,38.5,87.3,0
17.9,36.0,55.2,1
61.0,30.5,35.8,0
76.6,23.2,58.5,0
27.4,17.8,50.7,1
73.2,24.3,61.4,0
60.8,36.5,48.3,0
39.8,34.6,28.8,0
45.8,35.8,50.5,0
28.7,37.0,68.2,1
61.2,30.6,43.1,0
18.8,24.4,62.0,1
17.5,28.8,51.4,1
25.8,26.1,78.6,1
19.1,35.0,72.1,1
26.7,29.6,60.9,1
75.4,29.6,66.1,0
23.3,39.2,31.3,1
25.6,20.9,29.5,1
18.2,21.2,40.2,1
15.7,20.7,34.9,1
74.2,33.5,53.6,0
41.6,34.1,32.5,0
61.5,28.7,49.6,0
49.8,28.9,85.1,0
59.6,34.3,46.7,0
26.4,21.9,63.8,1
31.3,18.9,23.2,0
58.6,35.0,28.9,0
79.4,31.4,53.7,0
43.2,15.7,23.4,0
22.8,31.5,27.6,1
23.3,31.5,84.6,1
51.6,17.5,81.6,0
21.0,37.6,32.2,1
19.7,28.2,70.9,1
62.8,23.7,45.2,0
40.0,34.7,42.2,0
19.6,27.1,70.0,1
28.3,17.0,29.5,1
66.0,22.9,65.8,0
49.6,34.8,75.2,0
55.8,35.8,28.8,0
47.9,35.6,37.2,0
17.8,24.1,37.4,1
15.7,15.4,77.6,1
56.7,34.1,69.5,0
18.6,17.6,65.9,1
17.8,34.1,34.0,1
75.6,23.5,80.1,0
18.7,27.5,75.6,1
32.2,31.7,63.7,0
31.1,15.8,86.5,0
26.0,36.5,40.8,1
22.7,23.3,75.8,1
71.1,25.4,89.2,0
21.8,24.6,73.4,1
35.0,28.1,25.9,0
27.5,32.9,73.4,1
75.4,23.9,44.7,0
17.8,34.1,34.0,1
18.5,20.8,77.2,1
20.9,34.4,60.7,1
73.1,37.8,25.7,0
24.0,21.8,23.4,1
51.1,37.0,77.6,0
22.1,16.5,75.1,1
22.7,16.7,67.0,1
79.9,21.1,79.8,0
21.6,26.5,30.8,1
55.7,20.8,57.9,0
24.4,16.9,29.6,1
31.0,37.8,68.8,0
40.5,29.9,56.1,0
38.0,37.7,72.2,0
71.5,23.6,33.0,0
77.6,39.1,24.7,0
28.3,17.0,29.5,1
46.0,16.5,55.4,0
63.5,15.2,71.3,0
26.8,17.8,75.0,1
38.5,18.9,62.7,0
47.8,31.6,46.9,0
66.6,17.9,38.0,0
65.1,39.4,58.6,0
28.6,25.7,89.9,1
27.9,32.1,23.1,1
25.9,23.8,73.5,1
28.6,20.2,43.6,1
50.6,35.6,31.3,0
28.6,35.3,60.0,1
38.9,22.1,83.1,0
19.6,36.0,22.6,1
29.3,22.2,80.2,1
17.1,18.8,89.1,1
69.1,30.8,53.2,0
38.8,29.4,86.1,0
53.8,17.0,78.1,0
19.0,37.9,80.6,1
25.8,27.9,24.9,1
26.0,27.1,41.0,1
36.0,33.7,69.4,0
21.3,30.2,63.2,1
60.7,33.7,72.0,0
49.5,23.3,63.2,0
15.5,21.0,77.9,1
35.2,25.0,38.8,0
31.7,30.9,44.3,0
20.5,33.3,52.9,1
78.4,15.4,43.7,0
43.8,15.5,25.3,0
30.3,28.5,30.8,0
55.3,21.5,47.3,0
17.9,33.6,80.1,1
76.9,28.6,48.5,0
34.1,28.9,76.3,0
47.3,35.4,81.6,0
29.3,22.2,80.2,1
29.8,19.1,40.4,1
58.1,24.0,25.3,0
23.4,24.5,47.5,1
44.9,37.6,22.0,0
71.8,31.3,65.8,0
24.4,20.7,29.6,1
64.1,28.5,23.2,0
30.0,28.6,46.4,0
44.7,27.1,33.7,0
64.0,36.3,44.7,0
52.0,33.2,41.0,0
24.1,35.6,41.6,1
79.7,17.4,60.4,0
65.1,26.2,60.9,0
16.6,20.8,38.5,1
16.9,36.7,83.7,1
46.2,18.2,60.2,0
18.9,35.9,65.1,1
45.3,21.5,34.5,0
24.7,17.0,87.5,1
67.4,17.9,45.3,0
27.0,39.7,62.8,1
23.3,31.5,84.6,1
70.9,36.6,32.0,0
79.8,34.4,44.0,0
31.5,38.9,64.5,0
69.6,31.4,64.5,0
75.5,31.5,61.2,0
20.4,29.6,60.0,1
77.0,25.7,74.5,0
41.2,34.7,56.4,0
15.5,23.2,84.7,1
19.4,31.4,47.5,1
50.2,34.8,59.7,0
19.8,24.8,33.8,1
50.4,20.3,49.0,0
72.6,37.7,37.3,0
17.3,38.2,52.2,1
76.1,31.7,51.3,0
21.3,29.0,78.7,1
46.5,24.8,53.4,0
29.9,25.6,24.8,1
16.6,17.8,69.1,1
42.6,26.2,35.3,0
28.4,17.2,26.8,1
40.2,23.4,71.1,0
61.1,35.4,57.9,0
21.0,20.9,89.9,1
70.8,36.5,30.4,0
20.5,26.4,77.3,1
15.9,27.6,81.2,1
19.1,33.6,45.3,1
21.6,36.8,62.8,1
16.6,39.2,30.5,1
22.5,36.9,51.9,1
22.1,34.4,52.7,1
69.6,18.5,66.4,0
25.8,18.9,30.7,1
30.3,26.8,54.8,0
20.8,22.8,27.5,1
16.1,21.8,39.0,1
35.9,15.3,36.5,0
61.3,32.9,32.0,0
55.6,27.4,55.3,0
66.4,20.0,45.4,0
37.3,36.4,80.4,0
18.7,33.8,36.2,1
26.7,23.1,58.3,1
58.6,20.8,72.2,0
23.4,34.4,62.6,1
29.3,38.9,30.4,1
55.7,37.4,80.7,0
15.5,37.1,44.7,1
25.1,21.2,38.8,1
28.5,22.9,24.7,1
24.1,19.1,62.8,1
19.3,19.3,28.4,1
15.2,15.6,64.3,1
43.3,20.2,86.3,0
24.0,31.7,42.6,1
20.2,26.6,24.2,1
54.2,30.0,59.1,0
45.9,18.2,58.1,0
47.3,29.0,43.0,0
21.3,28.5,68.7,1
27.6,24.7,59.4,1
32.1,39.9,84.9,0
40.6,35.7,74.7,0
19.1,27.5,58.6,1
31.0,23.1,35.8,0
33.5,21.0,27.9,0
75.0,30.2,68.2,0
15.3,32.1,68.0,1
25.6,31.3,67.4,1
18.3,35.3,39.4,1
67.1,27.3,49.1,0
71.7,23.4,58.3,0
27.2,24.6,45.5,1
19.8,39.0,85.0,1
24.3,23.9,83.8,1
38.1,22.3,77.7,0
15.3,28.6,27.4,1
52.6,31.0,80.1,0
72.3,18.4,62.3,0
58.1,23.4,40.1,0
27.6,35.0,73.8,1
27.4,19.4,26.9,1
30.8,33.2,57.3,0
48.7,29.4,42.8,0
19.7,31.1,43.3,1
48.3,16.2,51.5,0
28.3,27.5,47.6,1
17.9,15.5,51.9,1
34.7,21.7,39.8,0
22.6,33.6,79.5,1
24.1,18.4,81.8,1
54.5,33.6,46.4,0
24.2,27.1,78.6,1
47.8,34.1,74.0,0
62.8,22.1,71.6,0
49.9,27.5,32.8,0
15.5,24.6,53.6,1
24.0,32.7,26.1,1
23.3,39.2,31.3,1
27.4,19.4,26.9,1
19.0,29.1,24.6,1
51.1,28.7,61.8,0
21.5,31.9,47.8,1
44.6,16.1,38.7,0
77.3,36.7,22.0,0
69.3,27.4,82.2,0
20.2,32.5,72.1,1
74.9,36.8,49.4,0
73.1,33.2,41.4,0
62.2,31.2,45.0,0
55.1,36.3,41.3,0
29.9,26.7,77.3,1
75.8,24.1,36.5,0
71.5,24.0,32.2,0
45.8,19.5,24.1,0
45.6,18.5,38.2,0
29.1,22.0,49.1,1
54.5,23.0,32.3,0
54.6,34.6,31.8,0
26.7,20.2,74.3,1
42.8,32.8,40.1,0
59.4,30.3,62.1,0
71.8,23.2,40.0,0
74.7,26.6,32.9,0
27.3,30.7,65.3,1
74.7,25.1,76.5,0
34.9,17.9,45.4,0
18.8,24.4,62.0,1
69.0,39.1,38.3,0
62.5,28.7,23.8,0
74.4,20.1,20.3,0
48.0,26.2,23.7,0
16.1,31.1,27.5,1
25.3,36.4,39.7,1
55.7,20.1,30.5,0
18.4,25.4,78.8,1
24.3,38.1,32.2,1
27.3,19.2,34.7,1
15.3,28.6,27.4,1
36.5,22.6,86.3,0
16.6,29.7,68.0,1
19.0,39.6,77.9,1
49.5,29.2,86.1,0
68.8,18.7,43.5,0
20.3,27.5,35.0,1
24.6,17.8,69.4,1
16.7,31.9,85.2,1
19.0,29.1,24.6,1
67.4,34.5,22.0,0
17.8,24.1,37.4,1
56.5,16.2,33.4,0
17.6,25.0,71.2,1
24.2,36.2,31.2,1
68.3,27.3,70.8,0
60.3,30.5,87.7,0
65.1,27.2,28.8,0
18.4,17.8,45.4,1
72.5,38.8,83.0,0
23.7,16.5,82.4,1
21.1,18.1,71.7,1
39.0,15.1,48.6,0
18.7,32.6,87.7,1
26.7,29.6,60.9,1
21.1,23.1,34.7,1
18.0,32.5,60.3,1
48.7,32.6,77.3,0
19.8,39.0,85.0,1
76.3,36.3,44.4,0
45.4,38.5,45.6,0
21.3,15.1,66.9,1
29.6,30.9,65.7,1
19.9,24.5,79.9,1
79.8,36.5,84.0,0
48.5,15.4,62.7,0
24.7,17.0,87.5,1
24.6,25.0,24.2,1
21.4,20.8,25.5,1
24.0,19.8,30.1,1
17.8,37.6,44.3,1
66.6,20.0,88.3,0
54.2,26.7,35.0,0
18.3,22.1,24.0,1
68.7,32.8,37.1,0
16.8,32.4,45.0,1
45.4,40.0,32.0,0
30.7,25.4,45.3,0
47.5,33.3,25.3,0
53.9,31.4,50.4,0
50.2,39.5,57.8,0
32.5,16.7,48.6,0
43.5,30.9,33.4,0
26.0,27.1,41.0,1
23.3,31.5,84.6,1
76.1,26.4,31.4,0
15.8,27.8,49.4,1
38.3,25.5,76.6,0
18.2,35.7,59.1,1
73.0,19.2,70.3,0
22.2,28.0,61.6,1
30.2,39.3,70.3,0
27.5,16.9,36.4,1
41.6,37.2,21.9,0
25.4,26.7,74.3,1
67.9,24.1,50.6,0
17.9,34.3,56.0,1
25.7,24.1,46.3,1
27.2,16.2,54.2,1
61.9,17.9,31.4,0
59.6,15.5,59.2,0
60.9,30.1,73.3,0
24.2,39.0,25.0,1
37.4,38.5,37.2,0
61.5,34.3,53.8,0
51.2,38.6,89.4,0
22.0,39.2,74.7,1
52.3,34.3,42.8,0
21.6,26.5,30.8,1
22.9,34.6,81.1,1
48.3,33.8,71.6,0
15.3,26.7,74.1,1
23.1,25.3,59.7,1
70.3,20.3,47.7,0
56.6,32.7,24.5,0
17.4,28.9,85.8,1
27.9,36.2,66.9,1
77.1,20.3,21.1,0
44.4,18.5,84.8,0
42.2,29.6,29.1,0
29.1,23.4,79.7,1
21.8,24.6,73.4,1
24.4,16.9,29.6,1
69.0,37.9,56.5,0
65.2,23.4,68.5,0
52.0,26.4,36.7,0
45.5,15.4,72.7,0
59.8,18.3,40.7,0
16.6,32.3,81.6,1
21.5,31.5,47.2,1
24.9,31.6,83.3,1
26.3,25.4,86.3,1
49.6,39.6,21.3,0
27.1,21.4,70.7,1
75.5,16.2,27.7,0
16.3,17.8,65.4,1
67.2,20.5,85.4,0
45.2,28.5,65.0,0
25.8,32.2,79.4,1
21.3,29.0,78.7,1
21.1,19.4,33.7,1
27.9,19.4,31.6,1
26.7,29.6,60.9,1
47.7,37.7,40.1,0
47.6,27.7,78.6,0
77.3,39.9,20.6,0
23.3,22.8,46.2,1
42.7,28.0,35.2,0
16.9,36.7,83.7,1
16.3,16.8,45.2,1
27.1,39.5,36.1,1
75.3,29.0,87.8,0
37.9,34.3,67.7,0
23.7,16.5,82.4,1
38.1,34.2,27.1,0
20.0,37.3,74.3,1
69.0,33.4,50.4,0
38.2,20.3,47.0,0
23.7,34.9,33.2,1
25.6,20.2,29.8,1
19.4,31.4,47.5,1
31.9,17.9,28.9,0
57.2,16.3,68.9,0
21.4,16.7,80.7,1
78.2,25.7,44.6,0
27.1,21.4,70.7,1
45.9,15.6,37.1,0
73.8,19.0,43.7,0
27.0,39.7,62.8,1
34.6,16.8,42.9,0
27.4,19.8,38.1,1
70.5,24.6,72.9,0
18.3,20.0,60.5,1
15.0,16.6,42.1,1
34.3,38.9,35.4,0
23.7,34.9,33.2,1
57.7,28.4,39.4,0
25.5,26.1,88.7,1
45.0,36.7,33.4,0
71.1,39.0,44.2,0
18.1,27.5,60.8,1
17.8,24.1,44.4,1
50.9,20.0,61.9,0
25.3,27.0,29.5,1
73.8,31.2,46.3,0
26.4,37.7,35.0,1
25.6,28.0,43.6,1
21.0,20.9,89.9,1
46.7,38.6,64.9,0
23.6,27.9,74.3,1
21.0,20.9,89.9,1
41.8,39.2,84.0,0
78.0,17.9,48.9,0
38.9,36.1,57.8,0
16.6,38.5,49.9,1
30.6,31.7,32.9,0
46.9,27.6,43.6,0
79.8,40.0,68.3,0
76.2,25.1,69.0,0
25.1,26.5,59.7,1
33.9,22.9,23.4,0
36.8,35.8,61.7,0
17.3,30.2,87.7,1
49.2,23.6,79.1,0
22.0,18.4,43.4,1
56.7,32.7,33.6,0
24.4,24.6,78.4,1
79.5,17.5,67.3,0
38.2,20.3,38.3,0
24.2,27.1,78.6,1
21.0,17.2,83.4,1
25.8,26.1,78.6,1
16.1,32.6,31.1,1
61.6,25.1,37.4,0
29.7,25.0,75.3,1
41.7,38.4,26.6,0
21.9,20.7,22.2,1
19.3,28.1,49.5,1
70.0,39.4,59.4,0
79.1,30.9,86.5,0
36.6,33.8,54.2,0
68.6,39.6,70.3,0
41.6,17.7,49.8,0
15.3,28.6,27.4,1
24.5,29.0,47.8,1
64.1,36.8,27.4,0
15.2,31.5,49.2,1
24.3,34.7,74.5,1
21.0,20.9,89.9,1
29.1,23.4,79.7,1
28.2,27.5,67.1,1
30.2,21.3,52.7,0
46.7,20.3,74.5,0
29.5,31.2,54.8,1
15.5,19.1,89.0,1
25.6,20.9,29.5,1
77.1,17.2,23.5,0
26.9,38.9,60.8,1
70.5,35.5,78.3,0
27.1,39.5,36.1,1
22.0,18.4,43.4,1
24.7,21.4,65.7,1
65.2,27.8,53.3,0
56.5,31.3,50.6,0
68.3,31.0,40.7,0
48.1,31.9,44.4,0
34.3,24.3,20.9,0
34.6,28.9,79.3,0
75.5,19.2,73.6,0
18.0,38.9,49.0,1
65.6,18.2,82.6,0
20.1,15.4,64.8,1
48.7,24.8,83.9,0
37.8,23.4,50.5,0
63.3,16.4,39.8,0
18.9,38.1,20.2,1
75.1,15.7,85.4,0
60.0,20.5,30.7,0
23.1,26.1,26.0,1
32.1,20.1,34.7,0
19.1,35.9,56.1,1
59.5,20.5,67.8,0
22.9,35.8,28.1,1
19.6,21.9,29.0,1
48.1,16.6,37.4,0
36.5,20.6,87.4,0
52.4,36.2,45.3,0
23.0,36.0,88.5,1
20.5,39.6,73.4,1
20.3,27.6,68.3,1
17.9,32.8,55.5,1
54.0,39.0,29.9,0
41.0,29.2,31.6,0
29.3,20.4,58.4,1
64.5,24.0,67.9,0
56.1,37.3,29.3,0
59.8,22.0,32.5,0
43.4,35.5,67.2,0
54.6,35.8,51.2,0
55.6,36.7,76.7,0
32.9,25.2,34.8,0
25.8,16.6,48.8,1
20.3,22.6,36.3,1
21.2,24.4,62.0,1
47.5,16.3,66.1,0
36.5,19.9,32.0,0
16.2,25.7,60.5,1
59.4,22.7,64.7,0
28.8,36.2,79.9,1
47.1,27.9,25.2,0
19.3,37.8,46.6,1
36.0,27.7,60.1,0
76.4,16.7,63.5,0
43.3,26.0,31.9,0
48.6,25.6,55.7,0
19.3,19.3,28.4,1
17.0,34.8,21.1,1
51.8,35.1,55.4,0
23.0,17.8,25.1,1
15.6,22.8,58.6,1
30.8,36.3,75.9,0
28.2,27.5,67.1,1
55.1,38.9,63.7,0
28.0,22.0,53.6,1
28.0,30.7,78.3,1
20.2,16.4,21.4,1
79.9,28.0,49.3,0
28.8,29.0,44.3,1
56.4,18.5,28.3,0
57.0,24.0,30.0,0
24.2,20.9,66.3,1
53.5,35.5,67.3,0
36.8,22.9,33.7,0
26.9,38.9,60.8,1
28.3,23.3,89.2,1
26.7,30.1,61.1,1
17.6,35.5,66.3,1
62.3,33.1,31.4,0
21.3,30.2,63.2,1
53.7,21.0,31.8,0
31.8,36.6,21.2,0
59.6,37.5,32.4,0
63.9,30.0,70.0,0
24.4,16.9,29.6,1
20.3,27.6,68.3,1
56.9,21.8,28.0,0
18.3,22.1,24.0,1
54.7,22.3,62.6,0
17.9,22.1,32.9,1
25.8,18.9,30.7,1
28.0,28.5,82.0,1
15.5,37.1,44.7,1
60.1,22.4,71.0,0
49.5,39.9,74.9,0
16.4,22.3,81.7,1
58.7,30.1,49.8,0
26.7,20.2,74.3,1
50.6,28.3,32.5,0
19.6,16.7,34.9,1
29.5,31.2,54.8,1
61.4,19.4,25.7,0
17.9,36.0,55.2,1
16.6,17.8,69.1,1
60.8,32.3,26.1,0
25.8,18.9,30.7,1
15.3,34.6,47.2,1
75.7,36.8,37.8,0
48.1,15.2,86.2,0
19.6,27.1,70.0,1
49.9,18.2,77.5,0
27.2,16.2,54.2,1
31.8,26.5,41.0,0
19.0,35.4,77.5,1
17.1,18.4,76.7,1
71.5,37.8,83.7,0
56.1,15.6,57.3,0
16.8,29.9,74.4,1
27.3,19.2,34.7,1
31.8,27.0,42.0,0
74.5,28.1,67.4,0
21.6,15.2,51.5,1
42.8,27.7,56.4,0
33.1,15.4,84.7,0
37.5,27.0,47.8,0
66.7,30.6,78.0,0
28.0,15.2,49.3,1
26.3,25.4,86.3,1
17.7,17.5,63.8,1
17.2,33.2,60.9,1
39.3,30.5,70.0,0
77.6,21.7,74.2,0
46.7,15.0,57.5,0
15.5,27.0,28.4,1
26.2,24.7,47.8,1
74.4,36.4,22.8,0
74.6,24.2,20.8,0
17.1,18.4,76.7,1
15.7,15.4,77.6,1
27.4,37.4,47.7,1
17.1,19.8,40.0,1
29.0,28.8,37.9,1
27.4,37.4,47.7,1
69.7,22.0,24.6,0
25.3,31.4,20.3,1
54.9,34.7,61.3,0
45.3,19.3,37.4,0
23.3,22.8,46.2,1
24.5,38.2,86.7,1
63.5,29.6,34.4,0
62.1,25.5,30.8,0
44.3,23.9,87.6,0
55.5,37.2,50.7,0
42.0,28.1,23.4,0
22.3,22.9,59.9,1
22.0,22.8,67.7,1
36.9,35.9,24.9,0
27.2,27.5,43.1,1
19.0,35.4,77.5,1
28.1,23.3,69.7,1
25.2,22.1,71.3,1
69.1,31.1,39.0,0
29.1,36.3,73.3,1
65.0,18.1,75.0,0
18.0,20.2,52.9,1
64.0,25.9,22.9,0
79.3,34.4,50.7,0
24.4,16.9,29.6,1
21.4,29.3,25.0,1
34.9,26.6,38.3,0
16.7,18.1,31.1,1
26.1,39.5,85.7,1
21.6,23.7,84.6,1
45.1,16.0,65.9,0
17.2,29.5,25.6,1
16.6,28.4,55.6,1
18.4,29.8,20.3,1
37.3,19.6,41.2,0
33.0,39.1,31.6,0
75.9,19.7,24.2,0
16.4,20.6,87.3,1
24.1,18.5,82.6,1
79.4,20.9,51.8,0
27.9,25.4,88.7,1
22.6,33.6,79.5,1
27.2,34.3,83.2,1
24.6,17.8,69.4,1
42.8,28.2,62.3,0
21.1,21.3,71.9,1
35.5,38.1,32.1,0
40.8,32.7,47.3,0
22.4,29.0,36.6,1
52.9,38.5,25.1,0
27.6,24.7,59.4,1
44.2,29.3,20.2,0
28.9,27.7,21.1,1
64.8,36.0,71.7,0
21.7,34.7,48.7,1
75.4,25.5,63.3,0
57.3,28.1,87.3,0
60.4,27.7,72.5,0
25.2,36.9,36.2,1
77.6,32.9,55.7,0
27.2,24.6,45.5,1
31.8,39.6,52.7,0
44.3,23.9,43.3,0
32.3,33.6,55.7,0
32.8,39.2,46.9,0
29.2,26.0,65.4,1
36.6,30.3,31.9,0
54.6,25.9,61.4,0
34.1,21.7,38.9,0
21.4,29.3,25.0,1
16.7,18.1,31.1,1
69.4,29.9,87.3,0
56.9,16.7,51.7,0
19.0,37.6,56.3,1
23.6,27.9,74.3,1
28.3,37.7,56.8,1
46.5,33.3,44.0,0
25.3,32.5,87.8,1
43.2,22.1,35.7,0
55.7,28.1,29.2,0
21.0,37.6,32.2,1
21.1,19.4,33.7,1
16.3,37.7,57.0,1
51.7,28.6,87.9,0
26.3,28.6,89.5,1
34.4,30.9,74.3,0
28.5,27.7,66.5,1
55.0,25.9,64.1,0
43.5,39.8,89.8,0
23.9,26.0,27.8,1
49.7,33.8,29.9,0
28.6,35.9,88.7,1
21.1,15.2,71.1,1
76.4,23.0,38.1,0
18.6,17.6,65.9,1
25.8,18.9,30.7,1
20.5,39.6,73.4,1
50.3,37.7,50.5,0
74.9,29.1,26.9,0
27.9,22.2,78.2,1
15.2,20.3,63.3,1
74.5,35.4,29.7,0
56.7,33.6,44.1,0
61.0,34.6,34.3,0
18.0,32.8,51.6,1
15.2,26.2,52.9,1
21.6,15.2,51.5,1
15.3,32.1,68.0,1
15.2,15.6,64.3,1
15.2,20.3,63.3,1
72.4,32.6,55.6,0
48.8,24.5,24.9,0
18.5,25.9,55.6,1
79.9,22.3,57.2,0
19.1,35.0,72.1,1
40.8,22.3,32.9,0
28.8,36.1,87.8,1
37.0,29.9,69.6,0
49.6,35.5,54.0,0
19.8,31.5,49.1,1
68.6,21.7,54.7,0
21.5,37.1,83.3,1
24.4,33.0,42.6,1
24.0,21.8,23.4,1
18.7,17.8,56.5,1
27.6,38.2,25.7,1
16.3,17.8,65.4,1
67.8,18.5,49.7,0
66.6,19.6,74.7,0
21.7,34.7,48.7,1
31.6,16.7,56.5,0
19.2,27.6,77.1,1
29.2,24.1,55.6,1
41.9,25.2,63.0,0
73.2,21.7,66.9,0
37.5,22.8,73.4,0
40.7,20.3,44.4,0
20.3,33.5,34.0,1
22.0,18.4,43.4,1
75.9,36.9,33.3,0
41.6,27.4,79.9,0
70.4,17.5,87.3,0
74.5,22.9,34.8,0
16.6,17.8,69.1,1
49.3,35.9,37.6,0
71.2,37.6,36.9,0
24.7,19.8,31.2,1
26.7,23.2,67.9,1
23.8,28.2,26.0,1
45.1,26.1,39.9,0
76.3,34.4,43.9,0
41.0,31.0,32.3,0
27.5,16.9,36.4,1
69.9,36.2,74.4,0
23.2,19.9,28.6,1
25.6,28.0,43.6,1
74.5,25.7,72.1,0
77.8,17.3,82.2,0
71.3,35.0,32.6,0
27.2,24.6,45.5,1
69.2,36.2,54.9,0
26.6,18.4,56.0,1
68.1,21.2,54.0,0
20.5,17.1,83.2,1
22.7,23.3,75.8,1
24.2,39.0,25.0,1
46.5,32.8,81.6,0
24.8,33.5,60.9,1
47.1,31.4,89.4,0
21.3,35.8,60.3,1
29.8,27.1,63.2,1
66.8,34.0,23.9,0
46.6,30.7,81.6,0
56.3,24.0,55.2,0
29.4,37.2,30.4,1
25.3,32.5,87.8,1
60.3,27.3,71.2,0
17.2,39.4,89.5,1
68.0,29.7,45.4,0
26.4,29.3,49.6,1
70.3,23.8,23.7,0
69.5,24.6,20.7,0
68.5,23.7,20.5,0
27.9,26.9,83.2,1
36.0,32.7,37.2,0
21.5,37.1,83.3,1
19.8,31.5,49.1,1
18.6,17.6,65.9,1
16.1,32.6,31.1,1
73.5,18.4,37.0,0
56.9,36.6,63.7,0
51.2,37.5,39.0,0
52.7,36.9,67.7,0
68.6,20.7,84.5,0
24.4,16.9,29.6,1
33.7,29.4,80.4,0
62.5,34.4,73.9,0
17.8,26.3,78.0,1
72.3,38.7,29.7,0
72.7,34.0,23.5,0
32.7,29.4,86.7,0
63.7,27.6,49.0,0
67.1,28.3,70.1,0
65.8,23.2,52.5,0
32.6,26.4,42.2,0
19.6,16.7,34.9,1
27.2,34.3,83.2,1
20.9,34.4,60.7,1
64.9,36.3,63.0,0
71.0,17.4,27.8,0
47.6,25.8,70.3,0
19.5,31.6,25.7,1
21.2,24.4,62.0,1
30.9,23.6,66.8,0
49.9,25.6,34.4,0
58.4,34.1,32.6,0
67.1,26.3,68.9,0
79.6,26.7,65.8,0
54.6,35.3,51.2,0
24.3,16.2,71.7,1
52.7,23.3,37.7,0
17.5,28.8,51.4,1
25.4,28.2,49.7,1
63.7,19.1,26.1,0
26.1,39.5,85.7,1
15.1,17.2,45.9,1
15.3,24.5,27.3,1
47.0,23.1,40.6,0
25.6,20.2,29.8,1
73.0,21.9,53.2,0
25.0,30.0,60.0,1
29.8,21.9,37.5,1
24.6,32.3,87.9,1
15.9,29.5,63.3,1
26.8,33.1,20.9,1
36.5,36.5,50.8,0
27.9,22.2,78.2,1
18.5,27.4,80.9,1
50.3,21.1,50.5,0
15.2,31.5,49.2,1
50.4,37.6,37.1,0
57.1,24.9,55.7,0
39.7,38.1,56.6,0
17.2,33.2,60.9,1
61.0,33.6,66.5,0
78.0,36.2,70.7,0
42.9,27.7,74.8,0
25.3,35.2,44.1,1
20.0,37.3,74.3,1
79.6,21.5,79.0,0
27.5,32.9,73.4,1
29.3,20.4,58.4,1
22.7,16.7,67.0,1
67.2,34.7,76.6,0
61.9,30.6,40.6,0
79.6,15.1,78.3,0
17.8,26.3,78.0,1
15.3,24.5,27.3,1
59.2,36.7,56.5,0
15.2,28.3,73.9,1
62.7,22.1,47.0,0
26.2,30.7,24.4,1
25.3,39.4,55.6,1
36.2,15.6,46.5,0
21.4,26.0,80.6,1
42.1,25.7,79.2,0
18.2,15.8,70.4,1
75.8,27.6,56.8,0
27.6,33.4,45.3,1
16.5,31.6,28.5,1
19.1,17.2,63.3,1
27.9,22.2,78.2,1
29.9,19.7,33.3,1
37.3,38.6,60.9,0
20.2,32.5,72.1,1
50.9,35.9,21.9,0
62.9,35.3,48.2,0
34.6,29.8,64.3,0
19.2,27.6,77.1,1
75.6,15.6,39.2,0
43.1,38.5,52.5,0
22.7,22.6,78.7,1
32.6,30.0,60.2,0
33.3,30.0,20.1,0
69.6,20.2,53.6,0
25.6,28.0,43.6,1
40.3,20.6,34.3,0
18.9,38.1,20.2,1
19.3,37.8,46.6,1
46.4,25.0,65.1,0
79.0,39.2,20.0,0
30.5,15.5,48.3,0
60.6,16.2,28.9,0
31.7,28.7,37.8,0
16.6,39.2,30.5,1
24.0,23.9,38.3,1
25.6,31.3,67.4,1
35.0,37.0,53.5,0
37.3,27.3,61.8,0
48.0,25.3,61.6,0
15.3,26.7,74.1,1
17.3,18.3,88.7,1
16.3,38.6,28.5,1
16.4,22.3,81.7,1
71.1,15.5,73.6,0
29.5,29.6,65.1,1
23.4,21.5,80.6,1
25.8,16.6,48.8,1
44.2,36.1,88.5,0
60.4,18.4,78.2,0
70.0,35.6,53.1,0
18.6,22.5,38.6,1
25.6,32.0,63.2,1
30.4,16.1,20.3,0
21.7,24.0,78.0,1
64.0,18.5,45.1,0
69.1,23.3,53.8,0
29.4,37.2,30.4,1
15.5,23.9,29.7,1
25.4,18.9,44.9,1
27.9,19.4,31.6,1
35.5,35.2,31.8,0
17.8,24.1,44.4,1
33.6,21.5,52.0,0
17.5,32.7,24.7,1
24.2,20.9,66.3,1
42.0,35.6,47.4,0
54.4,37.5,60.2,0
56.6,16.7,38.0,0
28.8,37.0,28.9,1
74.2,34.6,78.3,0
43.1,29.5,81.7,0
23.2,25.9,76.8,1
25.2,36.9,36.2,1
79.0,29.7,21.8,0
24.2,16.7,64.6,1
23.2,28.2,65.6,1
16.6,35.4,33.0,1
46.8,23.0,65.3,0
66.6,27.8,60.6,0
44.8,26.1,52.5,0
79.8,27.1,50.4,0
27.8,24.3,88.5,1
67.5,30.7,54.8,0
67.6,23.1,83.6,0
42.1,29.8,53.7,0
21.9,32.6,42.7,1
53.0,39.1,67.7,0
63.6,36.9,72.6,0
17.9,15.1,53.8,1
26.4,30.2,67.1,1
52.8,16.9,75.0,0
16.6,20.8,38.5,1
47.6,26.1,27.4,0
56.6,38.2,45.6,0
61.7,33.5,26.5,0
23.2,25.6,83.1,1
28.8,37.0,28.9,1
59.4,28.6,31.7,0
31.4,20.0,66.3,0
26.9,20.5,49.2,1
17.0,32.9,68.7,1
61.8,29.1,60.1,0
42.7,34.5,86.9,0
77.4,20.8,23.8,0
66.3,21.3,45.4,0
47.2,23.1,31.8,0
77.0,22.6,43.4,0
65.1,34.3,72.8,0
16.1,32.6,31.1,1
35.0,17.0,29.3,0
63.2,29.3,60.9,0
16.4,37.3,45.6,1
17.9,15.5,51.9,1
25.0,23.1,67.7,1
77.8,37.7,20.9,0
29.9,19.7,33.3,1
20.0,39.6,73.9,1
69.5,27.4,24.4,0
40.0,33.8,46.0,0
32.3,30.0,70.3,0
20.2,26.6,24.2,1
15.5,16.6,34.8,1
78.4,16.4,28.7,0
29.8,25.4,83.7,1
27.3,26.1,65.6,1
55.2,18.7,26.5,0
52.1,31.4,52.4,0
29.2,36.7,78.5,1
18.0,26.5,85.1,1
27.3,30.7,65.3,1
18.4,17.8,45.4,1
15.5,19.1,89.0,1
67.0,21.2,78.7,0
66.8,35.2,28.9,0
20.1,15.4,64.8,1
20.5,39.6,73.4,1
78.3,18.3,42.8,0
35.5,28.2,84.6,0
53.9,31.0,55.9,0
28.3,23.3,89.2,1
53.0,35.5,63.5,0
27.1,16.3,71.1,1
20.0,39.6,73.9,1
20.9,35.5,44.9,1
46.5,21.5,59.2,0
50.8,25.8,57.2,0
45.0,27.6,74.3,0
66.7,27.4,68.1,0
17.6,35.5,66.3,1
28.3,27.5,47.6,1
39.8,33.7,22.3,0
56.2,20.1,87.7,0
16.1,39.3,75.5,1
68.4,18.8,62.9,0
17.8,24.1,37.4,1
18.9,17.7,84.9,1
17.5,34.5,43.7,1
24.2,17.4,22.4,1
15.6,34.0,24.9,1
21.7,24.0,78.0,1
29.8,25.4,83.7,1
64.6,26.8,36.5,0
19.9,24.5,79.9,1
18.0,26.5,85.1,1
20.0,33.7,81.8,1
27.0,39.7,62.8,1
22.8,31.5,27.6,1
23.0,36.0,88.5,1
28.2,33.4,26.8,1
26.7,23.2,67.9,1
48.8,38.1,70.4,0
55.9,15.1,61.9,0
71.4,23.2,29.8,0
59.9,38.4,50.1,0
26.3,28.6,89.5,1
17.1,17.8,65.0,1
39.6,37.3,50.0,0
79.7,34.0,20.1,0
17.9,25.8,48.0,1
18.7,36.7,38.2,1
29.2,26.0,65.4,1
36.1,23.6,29.1,0
39.8,24.2,47.2,0
26.7,20.2,74.3,1
52.1,20.9,30.6,0
56.0,16.3,24.8,0
18.7,30.6,46.9,1
46.4,22.0,44.2,0
43.3,27.3,65.8,0
78.4,39.5,66.5,0
45.2,30.4,38.1,0
21.4,37.8,25.2,1
52.8,33.9,78.1,0
21.2,15.6,46.8,1
26.1,39.5,85.7,1
31.7,34.0,51.4,0
22.0,18.4,43.4,1
19.0,35.4,77.5,1
18.7,33.8,36.2,1
18.2,25.3,59.2,1
57.7,39.4,29.2,0
20.3,22.6,36.3,1
25.8,18.9,30.7,1
28.8,36.1,87.8,1
24.4,27.7,27.5,1
24.5,38.2,86.7,1
28.6,35.3,60.0,1
33.0,31.7,83.4,0
15.5,23.9,29.7,1
25.9,20.1,48.2,1
25.6,32.0,63.2,1
67.0,22.6,83.5,0
23.4,24.5,47.5,1
27.5,25.0,43.6,1
28.0,28.5,82.0,1
49.2,28.7,38.7,0
51.2,16.6,34.1,0
32.1,31.9,32.3,0
51.7,16.8,49.3,0
17.6,25.0,71.2,1
27.0,39.7,62.8,1
19.0,29.1,24.6,1
27.9,22.2,78.2,1
20.9,22.8,55.6,1
60.5,23.9,72.5,0
25.4,15.3,58.3,1
57.2,15.6,88.0,0
44.1,36.1,56.6,0
30.2,17.1,38.6,0
24.7,24.8,36.0,1
36.0,24.1,37.4,0
28.3,17.0,29.5,1
79.0,23.6,64.7,0
23.2,15.4,79.6,1
77.7,22.0,28.7,0
18.4,29.8,20.3,1
22.6,23.8,88.1,1
28.2,33.4,26.8,1
64.2,19.6,76.0,0
76.5,36.3,61.2,0
23.4,23.9,55.5,1
16.5,31.6,28.5,1
21.3,28.5,68.7,1
29.0,28.8,37.9,1
67.5,37.6,85.7,0
27.7,36.1,51.3,1
54.8,16.8,88.0,0
29.0,28.8,37.9,1
61.7,36.4,39.6,0
51.0,23.1,36.7,0
35.6,21.8,58.5,0
20.2,29.8,62.4,1
69.1,33.8,58.0,0
66.4,32.5,57.2,0
17.9,15.5,51.9,1
32.4,28.5,21.7,0
72.6,21.4,67.3,0
18.7,32.6,87.7,1
48.7,30.4,65.2,0
56.7,28.3,65.7,0
16.0,21.8,57.4,1
15.7,15.4,77.6,1
20.0,33.7,81.8,1
44.5,34.4,83.1,0
48.9,15.7,35.1,0
23.1,24.9,78.3,1
52.5,25.0,26.2,0
28.7,37.0,68.2,1
27.6,23.1,52.6,1
25.1,16.5,43.1,1
72.5,36.3,42.2,0
30.5,29.4,65.7,0
21.1,32.7,21.4,1
42.7,16.3,83.7,0
34.7,29.2,54.5,0
20.2,26.6,24.2,1
28.1,36.9,67.7,1
18.7,36.7,38.2,1
57.2,18.7,43.4,0
74.9,37.2,36.2,0
44.3,26.7,61.7,0
48.0,35.5,59.5,0
45.2,17.4,80.1,0
20.8,38.9,44.6,1
27.6,26.9,80.1,1
79.0,32.3,54.8,0
28.6,35.3,60.0,1
28.9,39.1,83.5,1
38.8,38.2,41.0,0
17.5,19.0,62.5,1
21.5,37.1,83.3,1
54.8,23.4,40.9,0
75.9,22.6,74.3,0
53.4,23.3,28.8,0
17.5,21.0,45.8,1
62.8,25.8,35.4,0
66.6,26.1,73.0,0
26.2,21.6,34.8,1
21.1,19.4,33.7,1
24.3,34.7,74.5,1
20.1,24.5,46.2,1
29.3,20.4,58.4,1
21.9,20.7,22.2,1
21.4,20.8,25.5,1
28.6,35.9,88.7,1
63.2,19.3,88.3,0
24.5,29.0,47.8,1
69.3,39.7,61.0,0
61.2,39.6,75.5,0
39.4,25.2,25.2,0
29.0,34.4,89.8,1
75.7,20.8,37.8,0
32.6,38.0,82.7,0
28.6,35.9,88.7,1
35.2,18.4,36.5,0
16.0,32.6,34.0,1
17.7,17.5,63.8,1
26.0,36.5,40.8,1
29.9,19.7,33.3,1
74.5,20.6,67.2,0
23.2,19.9,28.6,1
63.6,24.9,76.2,0
61.3,18.5,67.2,0
23.0,17.8,25.1,1
24.0,25.7,89.2,1
66.8,26.7,74.1,0
78.5,27.7,57.7,0
23.9,26.0,27.8,1
75.1,33.7,77.2,0
19.0,23.7,82.0,1
76.5,33.4,33.4,0
19.6,27.1,70.0,1
27.9,19.4,31.6,1
32.4,25.4,70.4,0
29.9,39.9,53.8,1
73.3,31.8,66.8,0
40.1,25.3,37.2,0
68.3,27.9,24.6,0
38.3,15.5,74.6,0
52.9,31.6,52.3,0
74.0,30.0,26.7,0
43.2,38.3,56.2,0
59.6,34.9,55.7,0
21.3,29.0,78.7,1
55.8,29.5,36.6,0
25.4,18.9,44.9,1
27.6,23.1,52.6,1
27.6,35.0,73.8,1
26.6,26.8,22.9,1
22.9,35.8,28.1,1
20.5,33.3,52.9,1
49.0,19.0,75.0,0
21.3,35.8,60.3,1
64.2,33.2,46.6,0
24.6,32.3,87.9,1
38.1,31.4,72.7,0
26.7,20.2,74.3,1
25.4,28.1,71.2,1
21.6,30.3,53.9,1
17.8,34.1,59.2,1
25.9,20.1,48.2,1
24.6,17.1,71.9,1
25.3,31.4,20.3,1
48.2,22.2,46.9,0
21.2,24.4,62.0,1
26.0,24.4,47.0,1
65.3,28.7,65.9,0
42.1,30.1,26.8,0
69.9,21.7,38.1,0
25.1,18.8,31.2,1
28.1,37.4,45.1,1
26.8,26.0,83.2,1
60.4,32.0,44.6,0
27.5,23.2,86.8,1
71.4,16.0,31.4,0
44.5,39.2,58.3,0
62.7,20.9,69.8,0
29.2,36.7,78.5,1
62.4,27.9,51.2,0
19.3,28.1,49.5,1
37.8,22.0,53.9,0
49.3,20.8,46.5,0
62.8,33.3,58.0,0
50.5,26.8,64.7,0
19.8,18.5,38.7,1
27.7,36.1,51.3,1
79.0,29.8,30.5,0
27.9,38.3,31.5,1
41.6,26.9,47.8,0
29.6,30.9,65.7,1
50.4,25.7,31.0,0
23.7,34.9,33.2,1
73.1,25.5,36.4,0
49.9,32.2,33.5,0
26.6,33.4,46.6,1
36.5,16.3,59.1,0
59.1,19.7,70.5,0
72.7,18.1,73.9,0
32.3,18.7,52.4,0
20.9,39.9,47.0,1
29.9,39.9,53.8,1
16.3,37.7,57.0,1
56.0,36.7,78.8,0
20.1,15.4,64.8,1
50.2,29.2,24.6,0
21.1,23.1,34.7,1
28.8,29.0,44.3,1
53.9,23.2,51.5,0
20.5,31.9,21.9,1
67.0,39.9,57.0,0
63.6,16.9,67.6,0
38.3,29.4,65.8,0
78.1,15.9,31.1,0
64.8,39.3,26.2,0
35.2,25.9,49.2,0
24.6,25.0,24.2,1
40.1,23.2,46.5,0
24.4,16.9,29.6,1
75.8,31.1,39.7,0
21.7,34.7,48.7,1
20.9,33.8,30.3,1
29.0,28.8,37.9,1
24.1,18.4,81.8,1
16.7,19.0,54.7,1
57.1,30.2,42.6,0
24.1,35.6,41.6,1
40.4,23.5,43.2,0
30.9,35.2,26.1,0
45.7,24.7,36.8,0
20.0,21.6,33.7,1
42.2,28.3,59.5,0
20.9,35.5,44.9,1
77.8,32.3,29.4,0
61.1,19.0,28.2,0
72.3,17.3,54.2,0
15.2,20.3,63.3,1
22.5,21.6,42.5,1
30.8,18.8,67.1,0
18.5,20.8,77.2,1
32.1,37.3,85.7,0
74.9,38.1,57.2,0
77.7,26.9,82.6,0
24.0,25.7,89.2,1
17.3,30.2,87.7,1
52.9,37.5,72.2,0
15.6,34.0,24.9,1
21.7,34.7,48.7,1
17.6,25.0,71.2,1
29.5,31.2,54.8,1
45.9,34.1,38.8,0
42.7,24.9,25.9,0
17.9,34.3,56.0,1
20.3,36.0,67.9,1
48.0,29.9,48.6,0
36.0,26.6,57.0,0
34.1,39.7,74.0,0
72.0,36.3,68.1,0
58.1,17.7,35.1,0
77.0,21.8,55.4,0
64.5,34.4,32.0,0
28.0,15.2,49.3,1
26.9,38.9,60.8,1
16.4,22.4,80.5,1
29.3,33.9,21.3,1
68.8,16.1,39.3,0
66.9,27.0,54.1,0
70.4,36.1,74.4,0
21.4,26.1,61.6,1
61.8,34.8,63.8,0
15.5,19.1,89.0,1
30.4,25.8,42.6,0
24.0,19.8,30.1,1
16.6,20.8,38.5,1
16.3,17.5,67.8,1
20.1,36.9,57.4,1
30.4,39.8,76.7,0
29.3,20.4,58.4,1
40.0,33.0,87.8,0
57.1,24.2,86.6,0
19.9,24.5,79.9,1
66.3,24.0,57.4,0
59.9,21.7,78.4,0
54.7,38.4,64.5,0
23.2,17.7,72.5,1
61.5,15.9,69.7,0
48.3,20.0,75.2,0
50.6,37.9,25.1,0
30.0,36.1,78.3,0
38.3,16.5,53.4,0
55.6,16.0,26.2,0
29.6,30.9,65.7,1
20.9,34.4,60.7,1
42.4,29.9,65.9,0
23.3,39.2,31.3,1
29.8,27.1,63.2,1
17.0,34.8,21.1,1
72.6,34.6,69.9,0
43.1,26.9,35.8,0
59.4,21.1,79.1,0
53.0,31.2,44.2,0
17.3,21.9,70.8,1
78.6,31.7,52.8,0
35.5,31.5,36.7,0
76.3,27.8,39.1,0
33.5,27.8,35.5,0
71.3,25.2,74.0,0
74.9,29.0,30.7,0
48.6,34.2,84.0,0
72.2,39.6,85.1,0
15.4,31.1,66.9,1
22.0,18.4,43.4,1
54.7,32.1,31.6,0
19.0,29.1,24.6,1
23.1,25.3,59.7,1
43.7,36.7,34.2,0
24.4,27.7,27.5,1
52.9,31.6,41.3,0
22.0,32.3,30.7,1
35.4,20.9,62.0,0
16.6,29.7,68.0,1
16.9,36.7,83.7,1
34.5,23.2,35.0,0
25.4,31.6,40.4,1
74.4,18.5,88.1,0
17.8,34.1,34.0,1
25.2,36.9,36.2,1
28.0,38.6,69.3,1
49.1,34.5,54.4,0
17.4,28.3,24.0,1
15.2,20.3,63.3,1
24.4,20.7,29.6,1
75.6,24.0,70.2,0
29.6,34.1,84.6,1
19.6,36.0,22.6,1
64.2,37.9,72.8,0
22.6,23.8,88.1,1
78.2,19.2,61.1,0
38.3,20.4,60.4,0
22.9,25.8,72.1,1
65.8,30.8,77.2,0
55.6,25.5,82.1,0
41.0,21.3,83.9,0
16.9,18.4,22.3,1
21.4,20.2,36.6,1
18.5,20.8,77.2,1
76.6,31.5,88.1,0
54.4,33.7,52.0,0
16.7,19.0,54.7,1
22.8,30.3,72.0,1
43.9,34.4,38.5,0
53.8,34.9,73.4,0
28.3,17.0,29.5,1
78.5,32.8,45.1,0
77.4,30.3,83.5,0
41.9,34.9,44.0,0
31.7,20.7,33.9,0
20.9,34.4,60.7,1
27.1,39.5,36.1,1
19.8,24.8,33.8,1
15.3,26.7,74.1,1
78.2,38.2,73.0,0
36.6,34.2,20.0,0
24.0,19.8,30.1,1
77.0,32.5,32.1,0
79.3,27.2,38.0,0
51.9,20.6,41.1,0
29.8,23.0,83.7,1
58.1,38.4,65.4,0
49.1,30.2,27.5,0
48.9,28.3,83.8,0
19.0,37.9,80.6,1
54.9,31.1,59.0,0
74.4,23.7,69.1,0
25.8,32.2,79.4,1
69.6,18.3,26.9,0
55.7,32.8,36.6,0
24.0,19.8,30.1,1
69.5,25.3,31.9,0
35.0,17.5,21.6,0
29.4,37.2,30.4,1
21.2,15.6,46.8,1
38.9,29.5,66.0,0
59.1,19.1,43.0,0
60.2,34.1,83.6,0
22.3,22.9,59.9,1
49.1,17.5,24.3,0
34.6,18.2,52.7,0
72.4,32.0,82.1,0
23.1,24.9,78.3,1
65.3,39.8,34.2,0
24.2,29.6,75.7,1
23.7,34.9,33.2,1
21.3,15.1,66.9,1
46.6,38.5,75.9,0
61.3,34.1,29.7,0
42.8,31.3,54.3,0
77.9,32.8,31.5,0
72.4,24.4,41.5,0
25.6,31.3,67.4,1
69.5,32.0,34.3,0
20.0,37.3,74.3,1
20.0,39.6,73.9,1
61.4,30.4,81.1,0
18.4,29.8,20.3,1
47.5,27.6,50.3,0
16.5,31.6,28.5,1
25.0,27.5,77.8,1
19.3,19.3,28.4,1
27.7,36.1,51.3,1
15.5,25.0,62.8,1
21.0,20.9,89.9,1
35.3,39.9,69.4,0
63.0,38.1,58.4,0
18.7,32.6,87.7,1
16.7,27.8,63.2,1
36.0,32.5,73.9,0
51.2,37.4,53.1,0
78.1,17.3,25.5,0
28.6,25.0,64.7,1
17.8,26.8,22.8,1
42.0,16.8,85.4,0
43.2,37.4,67.7,0
24.0,19.8,30.1,1
36.8,32.7,43.4,0
21.3,29.0,78.7,1
15.3,26.7,74.1,1
46.3,35.7,67.4,0
75.3,26.6,38.4,0
21.3,15.1,66.9,1
65.0,29.5,54.0,0
57.2,27.4,59.7,0
50.1,34.8,55.6,0
19.3,17.3,32.8,1
31.1,22.1,69.2,0
37.0,39.1,28.7,0
28.3,17.0,29.5,1
63.9,29.1,27.7,0
26.2,21.6,34.8,1
62.4,31.6,68.3,0
65.3,39.5,43.3,0
29.3,22.2,80.2,1
42.8,33.6,70.6,0
45.7,19.9,87.0,0
28.7,19.6,55.3,1
21.5,31.5,47.2,1
57.9,28.8,75.8,0
28.3,27.5,47.6,1
23.5,22.1,31.6,1
17.2,33.2,60.9,1
20.9,39.9,47.0,1
45.7,39.0,23.1,0
29.3,23.7,88.5,1
58.8,34.5,32.2,0
73.8,22.9,31.0,0
22.4,25.2,57.5,1
24.1,18.4,81.8,1
60.5,27.2,36.6,0
20.1,15.4,64.8,1
60.4,31.9,72.8,0
62.1,34.6,26.3,0
19.2,30.2,61.2,1
25.0,30.0,60.0,1
31.4,25.4,39.3,0
18.7,33.8,36.2,1
22.8,39.4,29.6,1
24.4,24.6,78.4,1
29.7,25.0,75.3,1
39.6,16.6,41.5,0
21.2,17.0,39.1,1
29.3,20.4,58.4,1
23.0,17.8,25.1,1
26.0,36.1,66.8,1
45.6,37.8,79.1,0
66.9,21.9,56.1,0
64.3,32.6,66.7,0
32.3,16.9,56.1,0
29.2,36.7,78.5,1
48.2,33.9,43.8,0
69.6,29.8,78.2,0
53.3,32.3,73.7,0
49.4,17.7,35.3,0
21.8,30.4,61.5,1
25.6,20.9,29.5,1
22.8,30.3,72.0,1
25.3,35.2,44.1,1
25.1,26.5,59.7,1
19.2,27.6,77.1,1
20.2,26.6,24.2,1
26.7,19.0,50.3,1
74.7,26.3,57.5,0
27.9,37.6,59.2,1
76.5,31.3,86.5,0
27.0,39.7,62.8,1
39.2,15.1,61.6,0
22.8,34.9,46.1,1
66.7,16.8,76.7,0
65.5,18.8,83.8,0
36.2,32.2,62.0,0
20.1,26.4,56.2,1
73.0,34.8,61.5,0
25.6,20.2,29.8,1
56.4,34.7,52.5,0
17.8,26.3,78.0,1
60.0,30.1,63.0,0
16.2,29.7,66.2,1
33.8,27.9,25.7,0
71.6,24.6,85.3,0
45.0,27.9,65.9,0
54.5,35.0,74.1,0
23.4,34.4,62.6,1
20.1,26.4,56.2,1
17.5,34.5,43.7,1
75.4,31.9,47.3,0
25.2,21.4,89.4,1
15.5,23.9,29.7,1
20.3,33.5,34.0,1
74.1,34.9,86.9,0
35.6,36.2,43.1,0
55.4,23.0,78.8,0
60.5,37.7,39.2,0
26.6,18.4,56.0,1
69.7,29.5,73.3,0
20.2,16.4,21.4,1
16.1,29.4,55.8,1
73.1,18.6,52.3,0
53.9,21.9,24.5,0
18.9,31.1,22.3,1
23.5,28.1,56.0,1
73.2,33.9,81.8,0
54.7,31.0,36.5,0
16.3,30.9,80.4,1
64.7,28.9,51.9,0
20.5,31.9,21.9,1
29.0,28.8,37.9,1
26.7,23.2,67.9,1
53.9,38.4,68.7,0
71.6,19.6,20.8,0
35.0,30.6,60.4,0
20.0,34.8,45.0,1
18.9,31.3,73.4,1
53.7,21.9,85.4,0
26.6,18.4,56.0,1
25.7,24.1,46.3,1
75.1,34.8,83.9,0
16.5,20.6,45.1,1
23.2,19.9,28.6,1
28.3,23.3,89.2,1
37.7,24.9,48.2,0
58.3,15.8,65.9,0
59.0,35.6,31.7,0
18.8,24.4,62.0,1
18.7,27.5,75.6,1
18.9,35.9,65.1,1
66.6,37.5,55.0,0
25.2,22.1,71.3,1
75.7,24.5,72.1,0
15.5,16.6,34.8,1
19.6,36.0,22.6,1
27.0,39.7,62.8,1
18.6,17.6,65.9,1
30.2,37.5,66.9,0
20.9,34.4,60.7,1
16.0,32.6,34.0,1
73.9,35.8,63.7,0
23.0,36.0,88.5,1
59.9,28.1,20.1,0
65.8,30.4,51.8,0
16.7,19.0,54.7,1
39.3,24.8,39.0,0
23.5,22.1,31.6,1
68.5,19.7,32.4,0
27.8,24.7,21.8,1
76.3,25.7,34.6,0
26.9,38.9,60.8,1
53.8,23.2,46.9,0
18.0,32.5,60.3,1
28.4,17.2,26.8,1
39.9,30.8,68.0,0
25.2,36.9,36.2,1
60.4,29.2,72.3,0
66.7,35.4,22.6,0
26.6,30.6,34.4,1
28.0,37.4,61.3,1
51.8,26.9,42.6,0
54.8,17.6,52.8,0
61.7,21.8,49.7,0
56.9,27.4,35.9,0
41.4,21.9,51.4,0
26.9,39.8,39.3,1
59.2,25.2,22.9,0
69.5,19.9,70.6,0
63.5,35.3,82.6,0
28.0,15.2,49.3,1
26.4,16.4,39.1,1
32.9,16.7,60.6,0
18.2,22.6,37.0,1
17.9,33.6,80.1,1
39.3,32.8,70.7,0
39.9,23.0,84.5,0
31.8,30.0,52.8,0
23.1,16.5,56.1,1
21.4,20.8,25.5,1
57.6,15.3,59.8,0
19.0,37.9,80.6,1
26.4,37.7,35.0,1
25.3,27.0,29.5,1
69.4,32.6,60.9,0
19.2,30.2,61.2,1
24.7,19.8,31.2,1
33.9,21.8,23.8,0
39.2,18.3,65.0,0
66.0,21.3,44.3,0
37.7,37.4,20.4,0
66.9,35.2,64.0,0
63.4,26.4,76.3,0
34.0,39.5,43.8,0
45.0,38.9,41.7,0
18.3,15.5,44.7,1
65.5,28.2,86.2,0
16.1,39.3,75.5,1
17.4,19.7,77.7,1
22.9,16.2,25.6,1
63.8,24.0,67.5,0
27.9,36.2,66.9,1
74.3,29.4,47.3,0
29.6,34.1,84.6,1
29.0,34.1,45.4,1
36.9,22.2,55.5,0
26.6,33.4,46.6,1
25.0,30.0,60.0,1
21.3,30.2,63.2,1
17.3,18.3,88.7,1
15.2,26.2,52.9,1
16.2,36.8,78.5,1
33.5,31.4,58.5,0
58.5,23.3,21.0,0
24.6,32.3,87.9,1
26.7,29.6,60.9,1
16.3,33.3,85.9,1
79.4,17.5,40.2,0
27.3,26.1,65.6,1
21.4,26.1,61.6,1
17.1,21.2,32.0,1
52.7,33.4,51.8,0
22.3,22.9,59.9,1
27.9,26.9,83.2,1
57.3,34.0,31.7,0
27.3,26.1,65.6,1
20.5,26.4,77.3,1
23.2,25.9,76.8,1
46.4,40.0,57.5,0
75.3,26.5,85.0,0
51.6,21.4,42.5,0
39.5,31.6,69.8,0
24.7,17.0,87.5,1
69.6,32.1,48.8,0
25.1,18.8,31.2,1
26.4,37.7,35.0,1
71.8,26.4,77.9,0
17.2,28.5,24.7,1
30.9,18.3,60.2,0
27.9,22.2,78.2,1
42.1,31.8,54.0,0
52.1,35.8,38.3,0
22.9,16.2,25.6,1
73.1,33.0,43.3,0
35.9,32.2,64.4,0
64.9,29.3,82.3,0
74.2,28.3,24.6,0
28.8,36.1,87.8,1
66.6,19.2,41.4,0
64.1,16.0,70.5,0
15.7,15.4,77.6,1
51.2,29.8,25.6,0
37.0,15.5,24.9,0
42.9,36.4,35.9,0
24.7,17.0,87.5,1
80.0,23.5,86.8,0
54.9,21.5,29.7,0
41.5,32.4,63.0,0
69.9,22.2,41.4,0
29.6,30.9,65.7,1
53.7,16.0,66.3,0
72.1,38.0,52.9,0
26.2,24.7,47.8,1
24.9,32.0,41.0,1
23.1,26.1,26.0,1
24.0,31.7,42.6,1
27.1,21.4,70.7,1
19.1,27.5,58.6,1
62.3,25.9,72.3,0
39.6,34.2,48.6,0
74.5,39.0,59.2,0
62.4,17.1,57.9,0
30.2,28.9,87.3,0
19.7,35.2,55.0,1
33.0,36.1,21.6,0
69.5,22.3,24.4,0
56.9,21.8,32.5,0
41.5,25.7,35.9,0
45.0,33.1,62.3,0
20.5,39.6,73.4,1
54.9,17.3,44.6,0
73.6,37.4,83.6,0
17.4,28.3,24.0,1
27.2,34.3,83.2,1
24.1,35.6,41.6,1
58.0,36.5,44.1,0
57.1,19.9,63.4,0
32.2,18.1,66.7,0
75.9,37.7,59.5,0
31.1,26.0,82.0,0
17.5,34.5,43.7,1
29.1,23.4,79.7,1
24.2,29.6,75.7,1
35.2,18.6,41.6,0
31.4,29.4,29.9,0
43.1,16.3,54.5,0
24.2,20.9,66.3,1
25.2,21.4,89.4,1
29.9,39.9,53.8,1
15.2,15.6,64.3,1
29.3,22.2,80.2,1
66.1,21.2,72.0,0
20.3,36.0,67.9,1
68.2,19.2,75.8,0
56.6,32.1,32.8,0
23.9,26.0,27.8,1
34.7,29.0,51.7,0
45.0,32.7,69.4,0
46.0,15.5,81.4,0
27.1,21.4,70.7,1
33.9,30.3,55.0,0
64.4,39.4,52.5,0
48.2,27.4,47.7,0
25.9,20.1,48.2,1
50.5,22.3,70.5,0
46.1,28.1,44.4,0
79.1,24.0,63.7,0
27.9,19.4,31.6,1
28.2,27.5,67.1,1
76.6,29.8,72.1,0
21.8,30.4,61.5,1
28.3,23.3,89.2,1
32.5,37.8,85.3,0
32.8,34.4,33.6,0
29.9,25.6,24.8,1
66.3,27.5,67.2,0
24.2,16.7,64.6,1
25.3,39.4,55.6,1
21.7,17.3,26.2,1
67.2,28.2,53.1,0
47.4,27.3,32.1,0
53.6,24.7,42.3,0
24.7,21.4,65.7,1
69.8,25.5,26.7,0
19.8,31.5,49.1,1
42.4,22.9,36.4,0
24.0,25.7,89.2,1
55.2,29.5,30.6,0
73.9,30.6,31.1,0
21.0,37.6,32.2,1
27.2,16.2,54.2,1
54.8,16.7,77.1,0
28.4,27.4,61.3,1
20.8,22.8,27.5,1
59.3,28.6,38.9,0
24.7,19.8,31.2,1
45.1,30.7,71.4,0
40.0,26.8,87.0,0
49.4,37.5,43.3,0
67.0,26.6,88.7,0
77.3,28.1,66.0,0
69.1,16.0,31.3,0
62.8,25.1,62.2,0
46.0,27.6,82.0,0
69.3,31.3,41.6,0
73.5,21.0,48.6,0
28.4,17.2,26.8,1
53.7,38.4,56.4,0
17.3,18.3,88.7,1
63.7,32.9,67.1,0
27.4,17.8,50.7,1
61.9,25.1,49.8,0
25.0,27.5,77.8,1
73.9,23.0,28.1,0
17.3,21.9,70.8,1
51.8,36.5,20.0,0
27.1,21.4,70.7,1
72.6,18.7,21.7,0
39.5,30.3,24.8,0
78.4,17.1,52.8,0
23.8,19.1,58.9,1
59.7,18.4,57.2,0
74.3,32.2,81.2,0
22.2,33.1,53.8,1
46.7,25.0,74.0,0
27.9,36.2,66.9,1
64.2,35.8,34.4,0
16.6,31.9,63.4,1
24.7,20.4,40.6,1
16.3,16.8,45.2,1
31.0,38.3,87.9,0
66.4,35.5,79.9,0
25.0,20.8,49.7,1
58.5,28.1,83.4,0
17.8,37.6,44.3,1
17.2,37.3,35.1,1
58.4,36.5,66.9,0
23.3,34.5,24.3,1
18.5,27.4,80.9,1
40.5,23.1,67.9,0
47.1,30.4,79.9,0
23.7,16.5,82.4,1
19.0,29.2,89.6,1
25.2,36.9,36.2,1
41.9,37.6,22.0,0
17.2,37.3,35.1,1
34.0,18.6,82.3,0
42.1,20.9,76.5,0
59.6,36.5,74.7,0
18.7,33.8,36.2,1
73.4,20.2,71.8,0
19.3,37.8,46.6,1
18.3,15.5,44.7,1
23.1,24.9,78.3,1
16.4,20.6,87.3,1
70.6,34.6,29.8,0
75.2,35.9,49.9,0
54.9,17.9,44.6,0
25.3,27.0,29.5,1
28.1,37.4,45.1,1
60.0,25.8,22.8,0
39.5,22.6,49.2,0
63.4,17.8,24.9,0
38.5,29.1,31.6,0
19.8,39.0,85.0,1
23.8,19.1,58.9,1
26.4,32.6,24.5,1
35.4,20.6,27.2,0
51.7,19.5,52.6,0
49.9,20.1,42.6,0
47.9,17.9,58.2,0
25.1,26.5,59.7,1
44.1,32.9,77.2,0
60.5,29.6,36.2,0
27.1,16.3,71.1,1
20.2,35.9,82.9,1
66.3,30.5,48.5,0
22.6,35.3,60.5,1
75.2,18.3,26.9,0
27.5,32.9,73.4,1
16.8,32.4,45.0,1
28.4,21.6,77.7,1
63.3,36.0,60.2,0
59.8,27.3,44.1,0
22.5,37.8,33.8,1
25.3,39.4,55.6,1
66.3,25.4,68.0,0
71.9,37.5,50.1,0
52.4,24.2,35.8,0
31.6,22.8,88.1,0
75.1,34.9,73.1,0
44.9,38.6,23.9,0
18.7,30.6,46.9,1
25.2,22.6,88.8,1
29.0,34.4,89.8,1
23.4,34.4,62.6,1
28.0,26.3,81.0,1
29.2,37.9,87.5,1
49.0,17.4,72.8,0
23.2,19.9,28.6,1
24.1,36.1,72.1,1
40.3,26.0,43.1,0
17.5,34.5,43.7,1
66.2,19.7,27.2,0
41.9,35.6,32.1,0
22.9,38.1,61.5,1
26.6,30.6,34.4,1
21.0,37.6,32.2,1
24.7,17.0,87.5,1
15.4,31.1,66.9,1
25.5,30.8,74.7,1
18.2,15.8,70.4,1
25.7,24.1,46.3,1
31.7,27.9,37.9,0
20.2,31.7,28.6,1
57.9,30.1,43.1,0
20.9,19.7,24.5,1
26.0,19.0,39.5,1
67.8,21.9,57.9,0
78.4,17.4,22.0,0
36.2,26.4,49.8,0
55.5,34.2,23.4,0
30.5,22.5,84.4,0
15.1,17.2,45.9,1
22.8,30.3,72.0,1
19.0,37.9,80.6,1
28.5,27.7,66.5,1
59.1,31.3,46.8,0
20.0,34.8,45.0,1
66.6,28.8,63.0,0
39.7,30.6,54.8,0
17.6,25.0,71.2,1
22.8,31.5,27.6,1
44.0,23.7,70.8,0
48.1,16.6,23.5,0
26.0,36.1,66.8,1
26.4,16.4,39.1,1
27.5,16.9,36.4,1
71.6,31.2,49.2,0
35.6,26.2,24.6,0
27.5,16.9,36.4,1
22.0,36.5,53.0,1
19.1,17.2,63.3,1
53.9,22.1,47.4,0
23.8,29.1,72.3,1
29.2,36.7,78.5,1
36.5,29.3,73.3,0
15.9,29.5,63.3,1
38.6,33.1,41.3,0
32.1,19.1,46.6,0
18.8,21.3,53.4,1
18.2,29.6,56.6,1
44.4,36.2,77.2,0
16.1,32.6,31.1,1
53.0,24.1,88.5,0
74.3,15.5,70.8,0
16.4,22.3,81.7,1
19.1,27.5,58.6,1
68.4,18.5,45.0,0
27.1,21.4,70.7,1
44.4,34.2,78.1,0
26.3,28.6,89.5,1
15.5,25.0,62.8,1
60.6,23.8,35.3,0
17.0,23.4,42.4,1
64.7,21.1,67.7,0
16.0,19.1,73.5,1
49.3,26.2,87.7,0
26.7,20.2,74.3,1
50.7,28.2,68.9,0
69.3,36.6,34.1,0
74.9,32.0,85.5,0
37.7,32.2,89.3,0
21.6,30.3,53.9,1
17.8,34.1,59.2,1
33.5,30.8,29.7,0
25.0,18.5,81.4,1
69.0,18.7,52.0,0
73.7,19.1,39.4,0
61.5,24.7,57.5,0
22.0,22.8,67.7,1
21.2,17.0,39.1,1
43.1,15.7,30.9,0
26.9,35.2,41.1,1
21.5,37.1,83.3,1
17.4,28.3,24.0,1
76.0,17.5,32.8,0
69.3,28.0,87.1,0
33.4,24.8,20.9,0
61.6,26.2,48.7,0
17.8,26.3,78.0,1
21.3,29.0,78.7,1
19.2,34.5,21.3,1
19.2,27.6,77.1,1
27.0,33.0,76.3,1
27.4,19.8,38.1,1
34.3,23.7,33.0,0
44.8,16.1,36.6,0
19.1,17.2,63.3,1
75.6,27.6,75.4,0
16.8,29.9,74.4,1
20.9,33.0,34.9,1
76.4,23.7,50.9,0
65.8,40.0,31.3,0
24.2,20.9,66.3,1
35.6,23.2,84.3,0
30.3,34.8,30.4,0
27.9,36.2,66.9,1
31.1,33.0,73.3,0
19.7,28.2,70.9,1
27.4,31.9,79.9,1
26.4,25.6,69.4,1
20.8,22.8,27.5,1
39.5,35.7,86.9,0
25.4,24.7,48.6,1
59.3,20.6,44.2,0
24.4,20.7,29.6,1
20.0,37.3,74.3,1
21.0,22.4,52.7,1
34.9,18.5,73.6,0
57.6,40.0,81.7,0
47.6,35.2,42.7,0
23.3,34.5,24.3,1
16.0,21.8,57.4,1
28.6,35.3,60.0,1
28.3,37.7,56.8,1
24.4,24.6,78.4,1
21.9,16.0,23.6,1
35.6,30.7,86.8,0
25.0,23.1,67.7,1
76.7,24.9,62.3,0
65.8,39.0,83.3,0
24.0,15.9,43.2,1
60.7,30.4,50.7,0
79.6,33.4,64.1,0
26.6,30.6,34.4,1
26.3,29.6,74.3,1
19.1,35.9,56.1,1
53.5,36.3,78.7,0
15.8,27.8,49.4,1
23.0,28.3,28.9,1
77.3,28.3,26.6,0
50.5,23.6,43.1,0
17.1,17.8,65.0,1
20.2,39.4,27.0,1
17.0,23.4,42.4,1
54.6,35.7,35.1,0
54.0,18.5,46.7,0
24.3,34.7,74.5,1
44.5,23.8,22.6,0
29.3,38.9,30.4,1
62.4,17.9,25.9,0
29.3,23.7,88.5,1
18.7,17.8,56.5,1
18.9,31.1,22.3,1
40.9,39.1,45.0,0
64.6,23.2,82.8,0
37.1,26.5,57.1,0
54.3,26.3,76.9,0
79.9,30.1,52.6,0
66.9,40.0,69.6,0
34.6,25.2,74.7,0
16.5,29.6,84.2,1
36.0,16.5,49.5,0
16.6,21.9,87.4,1
49.0,33.1,84.7,0
56.4,39.0,57.4,0
59.7,38.7,39.7,0
62.1,34.2,40.0,0
22.5,36.9,51.9,1
26.6,26.8,22.9,1
20.3,22.6,36.3,1
37.7,24.1,48.7,0
16.2,25.7,60.5,1
57.9,32.2,41.5,0
23.5,28.1,56.0,1
33.9,27.5,45.4,0
15.5,37.1,44.7,1
15.9,29.5,63.3,1
15.5,19.1,89.0,1
27.9,19.4,31.6,1
15.3,34.6,47.2,1
26.3,29.6,74.3,1
25.6,26.0,83.6,1
75.0,19.9,28.3,0
65.9,20.0,24.7,0
25.4,28.1,71.2,1
30.5,21.7,29.1,0
53.7,19.9,59.5,0
65.7,23.3,69.2,0
21.8,24.6,73.4,1
60.7,33.9,84.6,0
61.8,19.3,80.0,0
23.9,32.9,25.2,1
26.0,24.4,47.0,1
23.4,34.4,62.6,1
75.3,16.1,28.7,0
18.3,20.0,60.5,1
21.0,20.9,89.9,1
30.9,15.8,48.3,0
16.2,36.8,78.5,1
35.7,23.3,33.0,0
62.8,39.3,50.3,0
57.3,29.1,83.9,0
39.1,30.9,73.3,0
52.4,27.2,34.3,0
73.7,17.0,40.1,0
24.5,30.5,24.9,1
20.1,36.9,57.4,1
63.0,25.5,24.7,0
25.0,30.0,60.0,1
29.8,15.5,25.7,1
44.4,18.2,70.3,0
28.9,39.1,83.5,1
43.8,23.0,83.6,0
35.6,33.2,52.2,0
66.7,40.0,60.8,0
24.5,29.0,47.8,1
16.1,32.6,31.1,1
16.3,37.7,57.0,1
16.1,29.4,55.8,1
71.5,18.6,21.1,0
23.0,30.3,26.6,1
78.2,39.5,59.3,0
26.4,29.3,49.6,1
27.4,19.4,26.9,1
29.8,15.5,25.7,1
16.5,22.7,22.8,1
68.1,33.1,85.3,0
27.3,19.2,34.7,1
58.0,31.1,22.9,0
17.1,18.4,76.7,1
36.0,34.7,74.4,0
27.1,16.3,71.1,1
59.5,35.1,24.9,0
19.4,31.4,47.5,1
64.4,29.2,88.4,0
46.7,21.9,29.5,0
28.3,37.7,56.8,1
57.4,33.4,25.5,0
65.2,33.3,43.4,0
16.5,29.6,84.2,1
54.6,32.4,42.0,0
17.4,25.6,22.5,1
41.8,22.2,85.7,0
16.3,17.8,65.4,1
52.7,35.4,70.5,0
62.3,18.6,76.8,0
36.1,39.9,61.1,0
24.2,36.2,31.2,1
46.4,23.7,55.1,0
48.1,18.7,61.6,0
34.1,28.9,44.1,0
18.7,36.7,38.2,1
55.8,23.1,30.3,0
69.5,16.5,59.0,0
79.7,32.9,36.3,0
22.6,23.8,88.1,1
54.0,15.4,51.8,0
60.8,28.8,52.1,0
18.9,31.1,22.3,1
70.3,22.6,58.0,0
79.2,24.8,67.9,0
47.3,36.6,71.2,0
74.5,15.9,25.6,0
78.6,31.9,64.1,0
18.9,38.1,20.2,1
72.6,18.9,73.0,0
17.7,36.7,73.2,1
17.3,21.9,70.8,1
48.5,34.7,80.2,0
56.8,38.4,85.7,0
65.1,33.5,86.0,0
23.5,22.1,31.6,1
28.0,26.7,30.7,1
29.0,28.8,37.9,1
48.4,37.6,76.1,0
45.4,19.8,56.4,0
18.8,36.9,42.0,1
58.1,23.5,61.5,0
20.3,27.6,68.3,1
27.9,36.2,66.9,1
17.4,28.9,85.8,1
25.9,23.8,73.5,1
18.5,27.7,79.1,1
77.6,29.1,57.5,0
27.6,24.7,59.4,1
24.1,18.4,81.8,1
24.6,25.0,24.2,1
60.7,33.3,32.4,0
23.2,25.9,76.8,1
30.7,33.7,48.1,0
26.3,28.6,89.5,1
28.1,37.4,45.1,1
22.9,34.6,81.1,1
67.5,31.7,30.3,0
25.4,28.1,71.2,1
77.0,25.3,84.8,0
26.7,30.1,61.1,1
23.3,21.4,84.4,1
19.9,29.4,40.2,1
78.0,25.3,22.8,0
61.7,36.3,57.2,0
27.2,24.6,45.5,1
65.2,15.8,24.2,0
74.4,21.8,74.4,0
15.0,16.6,42.1,1
24.0,15.9,43.2,1
25.0,18.5,81.4,1
67.8,29.4,26.2,0
29.7,25.0,75.3,1
48.2,27.4,34.9,0
24.2,27.1,78.6,1
17.5,34.5,43.7,1
16.3,17.5,67.8,1
20.1,15.4,64.8,1
52.1,27.8,66.5,0
43.6,24.4,23.4,0
15.3,26.7,74.1,1
21.0,37.6,32.2,1
18.4,29.8,20.3,1
25.9,20.1,48.2,1
21.1,21.3,71.9,1
31.3,22.8,72.1,0
32.7,37.5,27.9,0
49.6,38.4,39.8,0
24.4,33.0,42.6,1
24.3,23.9,83.8,1
21.4,37.8,25.2,1
18.8,33.0,32.0,1
41.0,37.8,73.2,0
18.9,17.7,84.9,1
20.0,33.7,85.7,1
28.7,37.0,68.2,1
69.4,38.9,49.5,0
24.2,20.9,66.3,1
48.6,31.2,51.9,0
24.5,29.0,47.8,1
17.5,21.9,86.8,1
26.1,39.5,85.7,1
43.4,33.0,76.3,0
72.6,21.5,42.9,0
15.4,33.6,68.8,1
40.0,34.1,33.1,0
17.2,17.6,48.3,1
16.3,37.7,57.0,1
75.1,21.0,51.5,0
20.7,38.5,57.5,1
16.5,22.6,28.7,1
63.1,25.4,41.7,0
15.3,19.7,27.3,1
71.4,38.9,56.7,0
19.3,38.1,76.9,1
19.0,29.1,24.6,1
64.5,29.6,53.9,0
27.0,33.0,76.3,1
18.4,17.8,45.4,1
28.2,27.5,67.1,1
27.1,38.1,36.7,1
17.1,18.8,89.1,1
60.2,31.7,58.8,0
35.3,16.9,27.5,0
70.1,25.7,45.4,0
29.3,23.7,88.5,1
79.3,17.5,39.2,0
30.4,15.6,47.7,0
16.4,37.3,45.6,1
20.5,33.3,52.9,1
23.7,16.5,82.4,1
16.9,36.7,83.7,1
54.9,22.1,39.4,0
20.4,29.6,60.0,1
49.2,39.6,52.2,0
25.4,15.3,58.3,1
16.3,33.3,85.9,1
17.9,36.0,55.2,1
26.9,38.9,60.8,1
17.9,25.8,48.0,1
27.4,17.8,50.7,1
26.3,25.4,86.3,1
18.6,24.2,27.5,1
52.6,31.8,78.3,0
40.3,27.9,34.9,0
27.7,36.1,51.3,1
52.0,35.8,54.5,0
17.8,24.1,37.4,1
57.1,25.2,42.6,0
25.8,27.9,24.9,1
26.7,30.1,61.1,1
21.4,20.8,25.5,1
53.8,37.4,66.6,0
50.5,15.8,53.9,0
52.4,38.8,89.4,0
28.7,37.0,68.2,1
50.6,37.8,88.5,0
16.6,39.2,30.5,1
36.1,38.2,26.6,0
71.0,15.6,88.7,0
55.3,17.0,58.9,0
72.8,29.4,67.4,0
27.0,40.0,54.0,1
28.8,36.2,79.9,1
16.9,15.5,43.9,1
78.6,34.9,48.9,0
28.6,20.2,43.6,1
18.4,25.4,78.8,1
51.8,29.0,70.9,0
52.6,21.4,58.6,0
78.8,29.8,69.8,0
18.8,17.4,28.4,1
37.3,33.7,36.3,0
62.4,27.8,62.1,0
29.3,38.9,30.4,1
38.8,25.5,70.1,0
15.3,23.4,26.0,1
24.7,24.8,36.0,1
21.4,26.1,61.6,1
52.4,27.4,25.1,0
17.0,34.8,21.1,1
79.9,31.3,33.3,0
28.9,27.7,21.1,1
24.6,32.3,87.9,1
73.1,35.9,36.6,0
21.3,28.5,68.7,1
43.2,32.9,29.6,0
29.5,29.6,65.1,1
55.6,38.5,23.3,0
20.9,33.8,30.3,1
68.5,23.3,31.3,0
31.9,31.0,35.5,0
28.0,26.7,30.7,1
25.5,26.1,88.7,1
42.0,17.3,24.5,0
23.0,30.3,26.6,1
24.3,38.1,32.2,1
70.4,32.5,60.3,0
65.4,19.3,89.9,0
17.0,32.9,68.7,1
32.9,15.2,56.4,0
78.2,25.7,40.9,0
21.4,29.3,25.0,1
22.3,22.9,59.9,1
20.3,27.6,68.3,1
23.8,38.9,80.5,1
57.7,36.3,30.7,0
57.0,38.9,78.6,0
79.6,26.9,29.7,0
26.2,24.7,47.8,1
15.1,23.4,59.1,1
67.6,29.2,82.2,0
52.2,35.3,44.2,0
58.0,21.0,71.5,0
29.2,24.1,55.6,1
50.0,28.7,81.8,0
16.6,20.8,38.5,1
28.7,37.0,68.2,1
55.7,25.3,84.7,0
22.7,23.3,75.8,1
15.3,23.4,26.0,1
59.4,24.2,33.2,0
16.4,37.3,45.6,1
78.9,32.4,33.2,0
45.3,34.2,36.5,0
27.9,38.3,31.5,1
59.2,28.4,36.8,0
79.7,19.2,22.9,0
27.2,25.4,79.7,1
31.5,34.1,81.2,0
39.8,17.6,47.6,0
35.8,38.6,31.4,0
20.9,33.0,34.9,1
15.2,26.2,52.9,1
19.7,23.9,56.7,1
59.0,22.5,83.8,0
26.6,26.8,22.9,1
19.9,24.5,79.9,1
20.7,26.7,72.1,1
21.1,15.1,75.9,1
24.5,38.2,86.7,1
77.5,30.3,68.5,0
41.6,22.7,22.8,0
62.9,26.4,63.7,0
19.8,24.8,33.8,1
23.2,17.7,72.5,1
29.8,15.5,25.7,1
74.2,16.0,51.8,0
50.3,23.4,29.3,0
25.1,16.5,43.1,1
19.8,31.5,49.1,1
25.3,31.4,20.3,1
16.6,21.9,87.4,1
59.7,27.1,61.9,0
28.4,21.6,77.7,1
17.7,17.5,63.8,1
24.3,16.2,71.7,1
24.1,35.6,41.6,1
23.5,22.1,31.6,1
24.6,32.3,87.9,1
65.7,24.1,44.5,0
64.4,21.6,34.2,0
44.0,22.0,52.8,0
20.2,26.6,24.2,1
28.6,35.9,88.7,1
35.6,32.0,42.2,0
18.7,21.2,83.9,1
57.4,25.8,66.2,0
68.0,27.9,68.9,0
53.1,28.7,59.6,0
51.6,37.1,66.8,0
16.6,21.9,87.4,1
75.8,27.9,35.7,0
60.4,20.6,51.6,0
64.6,26.0,52.5,0
23.0,36.0,88.5,1
77.0,34.9,36.5,0
50.0,25.1,68.3,0
23.8,38.9,80.5,1
16.5,16.7,83.6,1
76.4,20.5,82.6,0
35.7,30.5,31.9,0
66.6,36.8,75.8,0
77.0,27.0,64.4,0
35.7,21.5,62.3,0
72.2,28.3,85.5,0
44.0,34.1,46.6,0
23.7,34.2,60.3,1
48.7,35.4,77.1,0
52.8,36.2,23.4,0
61.6,15.3,63.2,0
65.6,35.5,70.7,0
64.5,20.3,27.0,0
74.3,32.8,51.2,0
21.9,32.6,42.7,1
21.2,17.0,39.1,1
46.6,24.4,50.8,0
48.6,38.8,65.0,0
23.2,19.9,28.6,1
27.5,23.2,86.8,1
26.1,39.5,85.7,1
34.5,32.4,81.9,0
47.2,25.6,85.4,0
18.7,17.8,56.5,1
56.7,25.2,76.2,0
24.4,33.0,42.6,1
78.0,17.6,31.6,0
49.3,36.2,47.2,0
61.4,35.5,54.6,0
16.4,35.6,48.8,1
69.7,38.2,88.8,0
37.9,15.8,77.5,0
24.2,36.2,31.2,1
69.0,20.9,34.4,0
16.6,35.4,33.0,1
78.6,31.4,33.3,0
55.6,26.1,55.3,0
53.5,17.1,41.7,0
59.6,22.6,27.1,0
70.8,24.1,47.6,0
75.8,23.7,36.0,0
40.9,18.0,33.9,0
23.4,34.4,62.6,1
61.3,28.0,34.1,0
48.9,21.4,42.0,0
49.5,33.6,21.2,0
28.1,23.3,69.7,1
69.3,30.8,24.9,0
58.0,22.3,74.3,0
18.8,24.4,62.0,1
34.8,31.0,80.9,0
26.3,28.6,89.5,1
16.2,36.8,78.5,1
48.8,34.7,27.7,0
29.8,27.1,63.2,1
20.0,37.3,74.3,1
54.0,33.4,78.1,0
26.3,28.6,89.5,1
15.3,19.7,27.3,1
26.0,36.5,40.8,1
17.9,25.8,48.0,1
16.7,27.8,63.2,1
15.5,16.6,34.8,1
52.9,33.1,20.4,0
42.0,30.1,44.8,0
20.0,22.7,29.9,1
43.7,36.4,79.1,0
22.9,35.8,28.1,1
24.2,36.2,31.2,1
40.5,30.9,20.7,0
19.1,35.9,56.1,1
27.0,22.3,51.5,1
54.4,23.4,31.9,0
21.3,15.1,66.9,1
28.7,37.0,68.2,1
72.0,23.6,73.7,0
15.2,31.5,49.2,1
46.5,35.4,58.4,0
27.9,26.9,83.2,1
75.9,39.0,67.5,0
24.4,36.9,30.8,1
74.3,27.6,37.4,0
17.5,34.5,43.7,1
29.5,29.6,65.1,1
18.8,36.9,42.0,1
28.0,30.7,78.3,1
19.3,28.1,49.5,1
27.9,18.9,83.3,1
28.8,18.6,36.2,1
69.7,29.4,73.9,0
17.5,19.0,62.5,1
58.9,32.8,56.1,0
64.5,29.3,53.9,0
60.6,15.4,72.5,0
24.3,23.9,83.8,1
66.6,33.0,53.2,0
28.1,23.3,69.7,1
54.4,33.1,39.0,0
41.0,23.3,75.6,0
23.3,34.5,24.3,1
34.3,23.9,80.1,0
71.8,36.6,82.1,0
26.4,32.6,24.5,1
25.5,33.9,36.3,1
37.2,35.0,55.5,0
79.1,33.4,54.0,0
21.1,32.7,21.4,1
74.5,21.5,34.7,0
23.9,32.9,25.2,1
33.3,21.2,31.4,0
72.1,30.3,38.7,0
62.6,24.9,83.3,0
64.1,31.1,25.0,0
28.3,17.0,29.5,1
21.2,15.8,34.7,1
55.6,25.7,48.6,0
45.1,37.5,78.0,0
48.3,30.6,75.4,0
41.7,16.9,34.1,0
29.3,23.7,88.5,1
26.3,29.6,74.3,1
23.8,28.2,26.0,1
16.1,21.8,39.0,1
18.2,15.8,70.4,1
17.0,34.8,21.1,1
25.1,26.5,59.7,1
58.6,39.4,24.8,0
24.4,33.0,42.6,1
24.1,18.5,82.6,1
48.6,17.2,80.3,0
37.1,15.1,56.1,0
38.0,30.8,68.8,0
61.4,20.8,46.2,0
47.1,16.8,55.6,0
63.6,25.1,30.3,0
20.5,17.1,83.2,1
28.5,25.7,20.1,1
28.7,23.3,59.0,1
35.5,35.7,63.1,0
15.3,34.6,47.2,1
28.0,30.7,78.3,1
67.7,31.1,71.7,0
43.9,37.2,49.1,0
33.2,30.1,85.2,0
78.3,39.1,57.2,0
46.6,27.6,66.1,0
44.8,33.6,70.1,0
33.6,20.9,41.1,0
54.5,38.9,33.1,0
21.4,26.1,61.6,1
23.0,30.3,26.6,1
65.8,26.4,29.0,0
60.6,30.6,23.2,0
54.9,28.0,43.7,0
50.1,24.3,30.2,0
46.9,38.7,57.3,0
25.6,20.2,29.8,1
42.9,34.0,34.1,0
70.8,24.4,61.7,0
20.2,33.2,48.7,1
50.4,37.4,41.1,0
16.1,29.4,55.8,1
71.4,22.9,89.3,0
17.5,19.0,62.5,1
56.6,22.3,44.4,0
63.8,24.5,59.7,0
45.1,23.9,58.4,0
71.1,25.2,78.7,0
70.3,36.5,77.6,0
54.3,17.9,84.6,0
17.9,15.1,53.8,1
17.9,15.1,53.8,1
21.7,24.0,78.0,1
31.4,23.7,50.9,0
35.6,15.3,20.7,0
65.4,17.9,38.0,0
44.7,33.1,59.5,0
27.9,38.3,31.5,1
21.4,26.0,80.6,1
25.3,36.4,39.7,1
53.2,24.7,59.0,0
66.8,32.1,83.3,0
17.1,17.8,65.0,1
19.6,36.0,22.6,1
16.6,36.1,76.1,1
43.9,30.5,34.0,0
25.2,21.4,89.4,1
28.4,16.1,45.6,1
79.1,17.4,50.6,0
30.0,35.3,82.2,0
37.4,31.0,83.0,0
25.9,20.6,76.9,1
29.8,27.1,63.2,1
29.3,22.2,80.2,1
17.5,21.0,45.8,1
28.5,27.7,66.5,1
35.6,17.4,62.7,0
34.6,33.5,28.3,0
53.7,20.2,85.2,0
69.7,22.3,41.4,0
63.8,26.6,76.1,0
18.9,31.3,73.4,1
61.7,27.4,54.7,0
15.9,29.5,63.3,1
32.0,38.9,57.2,0
31.7,22.2,37.4,0
25.4,18.9,44.9,1
56.1,24.8,46.5,0
56.1,32.0,65.0,0
24.2,17.4,22.4,1
76.8,16.0,71.3,0
19.6,27.1,70.0,1
42.2,21.1,38.9,0
54.8,29.4,48.3,0
22.0,36.5,53.0,1
15.3,34.6,47.2,1
16.7,27.6,41.1,1
67.7,27.1,20.4,0
38.6,28.7,44.0,0
52.1,28.6,46.3,0
19.3,38.1,76.9,1
20.0,22.7,29.9,1
56.3,23.1,37.0,0
24.0,19.8,30.1,1
73.6,19.8,88.8,0
53.7,29.4,80.6,0
48.6,35.3,74.1,0
44.4,25.7,28.2,0
21.4,16.7,80.7,1
18.1,27.5,60.8,1
57.7,16.7,37.9,0
18.3,15.5,44.7,1
65.5,21.2,20.8,0
29.6,30.8,34.2,1
25.0,27.5,77.8,1
24.4,31.6,56.3,1
28.0,38.6,69.3,1
79.8,32.4,51.1,0
70.9,15.2,47.8,0
28.9,16.9,44.0,1
74.3,22.1,32.6,0
30.8,34.8,23.2,0
44.9,38.3,34.2,0
16.6,29.7,68.0,1
24.7,21.4,65.7,1
39.1,19.9,46.3,0
64.4,35.9,24.0,0
70.3,37.9,78.2,0
29.9,19.7,33.3,1
20.7,38.5,57.5,1
23.2,15.4,79.6,1
55.9,27.5,51.8,0
43.1,30.7,79.4,0
45.5,37.3,66.7,0
35.6,19.9,45.7,0
54.3,28.9,81.1,0
24.3,16.2,71.7,1
23.8,38.9,80.5,1
41.4,28.2,51.5,0
24.4,16.9,29.6,1
25.3,32.5,87.8,1
60.8,26.0,83.3,0
69.8,27.2,76.7,0
28.4,16.1,45.6,1
19.2,33.7,74.2,1
38.8,37.2,23.9,0
29.0,28.8,37.9,1
20.5,39.6,73.4,1
68.4,22.8,26.4,0
47.7,26.5,27.0,0
32.8,27.9,89.5,0
33.4,32.7,44.3,0
25.1,34.7,30.0,1
64.3,30.6,55.0,0
19.0,29.1,24.6,1
24.2,36.2,31.2,1
24.9,31.6,83.3,1
47.1,16.6,64.7,0
17.4,25.6,22.5,1
50.0,36.2,82.9,0
35.0,19.3,76.1,0
40.9,29.1,79.0,0
33.7,16.4,40.6,0
16.8,29.9,74.4,1
54.0,17.6,80.7,0
36.4,22.7,44.5,0
37.0,37.5,43.9,0
34.5,39.8,27.8,0
62.0,29.1,66.3,0
26.6,30.6,34.4,1
63.2,16.5,50.4,0
63.3,19.9,41.2,0
78.3,31.8,84.6,0
40.7,18.4,52.2,0
28.5,35.4,26.0,1
15.1,17.2,45.9,1
72.3,22.8,47.4,0
56.0,35.5,46.9,0
18.3,22.1,24.0,1
64.8,17.5,50.0,0
54.3,25.9,82.8,0
59.2,33.6,67.1,0
19.6,31.4,41.5,1
50.8,20.1,45.1,0
79.7,40.0,38.1,0
25.5,33.9,36.3,1
21.9,20.7,22.2,1
35.7,21.6,73.6,0
60.8,30.0,55.8,0
29.6,30.8,34.2,1
43.9,24.0,67.2,0
15.5,19.1,89.0,1
64.5,22.9,40.6,0
27.1,21.4,70.7,1
36.7,37.0,39.7,0
68.7,28.1,57.6,0
75.9,30.9,43.5,0
50.7,24.5,69.7,0
15.5,31.9,67.3,1
75.3,38.1,68.0,0
16.9,18.4,22.3,1
67.4,20.4,68.6,0
18.7,32.6,87.7,1
17.4,28.3,24.0,1
25.3,31.4,20.3,1
16.6,35.4,33.0,1
24.5,30.5,24.9,1
73.0,31.9,47.5,0
27.1,16.3,71.1,1
22.2,28.0,61.6,1
42.6,30.8,73.9,0
40.7,17.4,78.3,0
20.8,38.9,44.6,1
41.4,39.6,23.3,0
27.6,23.1,52.6,1
28.5,22.9,24.7,1
36.5,26.0,31.6,0
43.0,30.0,70.0,0
21.6,15.2,51.5,1
19.1,33.6,45.3,1
17.8,37.6,44.3,1
72.6,23.3,37.3,0
26.2,30.7,24.4,1
25.6,20.9,29.5,1
15.3,28.6,27.4,1
74.2,23.1,33.8,0
15.6,22.8,58.6,1
49.6,30.9,35.5,0
18.2,25.3,83.6,1
20.1,26.4,56.2,1
20.9,19.7,24.5,1
58.7,21.7,61.8,0
21.9,20.7,22.2,1
63.9,28.0,74.7,0
52.3,28.1,46.7,0
75.3,31.9,84.6,0
32.1,31.2,60.0,0
17.3,30.2,87.7,1
58.5,34.1,48.8,0
38.7,27.6,33.9,0
60.7,17.1,56.7,0
35.0,34.3,34.5,0
24.2,17.4,22.4,1
38.4,21.5,82.9,0
38.7,21.9,30.4,0
41.2,29.7,80.8,0
79.7,18.4,34.4,0
20.2,16.4,21.4,1
29.8,31.7,72.6,1
24.5,30.5,24.9,1
24.0,19.8,30.1,1
17.8,35.3,53.3,1
21.1,18.1,71.7,1
47.7,28.5,33.5,0
28.0,28.5,82.0,1
52.0,18.9,77.7,0
20.7,26.7,72.1,1
73.9,28.8,21.3,0
22.3,39.9,31.0,1
18.5,20.8,77.2,1
56.8,16.3,38.0,0
34.4,18.7,29.8,0
41.5,39.8,52.8,0
59.1,16.7,80.6,0
34.1,19.9,45.8,0
76.0,20.5,63.4,0
19.3,19.3,28.4,1
36.4,21.8,60.3,0
76.4,39.1,88.3,0
17.4,19.0,51.2,1
17.7,17.5,63.8,1
23.7,34.2,60.3,1
78.6,33.1,50.4,0
53.7,22.5,64.7,0
23.0,28.3,28.9,1
15.5,25.0,62.8,1
75.8,38.3,62.4,0
42.5,23.2,33.2,0
21.6,36.8,62.8,1
16.6,36.1,76.1,1
28.7,37.0,68.2,1
40.6,20.1,56.9,0
40.3,23.8,26.6,0
61.1,19.3,37.1,0
20.2,26.6,24.2,1
26.9,39.8,39.3,1
71.5,22.6,86.9,0
58.2,38.7,47.5,0
15.3,32.1,68.0,1
61.5,39.1,24.2,0
28.3,27.5,47.6,1
18.8,17.4,28.4,1
24.3,38.1,32.2,1
21.1,18.1,71.7,1
43.1,37.4,29.0,0
23.3,21.4,84.4,1
17.8,34.1,59.2,1
37.6,28.8,71.6,0
66.0,32.3,52.3,0
16.3,30.9,80.4,1
25.3,32.5,87.8,1
33.0,37.7,29.8,0
25.1,25.9,37.9,1
38.9,25.5,60.7,0
15.5,27.0,28.4,1
73.0,28.0,26.2,0
18.8,17.4,28.4,1
25.2,36.9,36.2,1
64.0,18.7,82.5,0
28.3,17.0,29.5,1
27.0,40.0,54.0,1
29.6,30.8,34.2,1
17.1,21.2,32.0,1
29.8,15.5,25.7,1
66.1,35.8,42.1,0
56.7,21.6,22.1,0
22.1,16.5,75.1,1
79.4,34.8,54.0,0
27.3,37.5,25.7,1
27.4,17.8,50.7,1
23.6,40.0,39.7,1
22.0,39.2,74.7,1
37.3,19.4,79.9,0
18.0,32.8,51.6,1
27.2,27.5,43.1,1
57.4,35.3,20.3,0
32.6,33.6,54.3,0
27.1,27.4,48.5,1
76.4,38.2,52.1,0
60.5,22.9,34.4,0
18.3,22.1,24.0,1
29.3,22.2,80.2,1
36.4,15.8,22.9,0
66.1,37.3,77.4,0
78.5,21.9,71.8,0
20.3,27.5,35.0,1
75.3,25.9,52.6,0
21.3,15.1,66.9,1
24.6,17.8,69.4,1
28.7,17.5,52.7,1
18.2,15.8,70.4,1
38.4,21.4,36.8,0
40.8,25.0,55.9,0
16.8,29.9,74.4,1
27.0,33.0,76.3,1
17.8,24.1,37.4,1
26.0,18.6,37.8,1
16.5,37.5,60.6,1
69.1,18.2,44.7,0
16.6,31.9,63.4,1
18.2,25.3,59.2,1
24.6,34.1,62.6,1
18.9,31.3,73.4,1
70.6,29.9,36.3,0
21.1,18.1,71.7,1
29.1,36.3,73.3,1
25.8,32.2,79.4,1
40.1,29.6,82.5,0
65.2,22.4,85.8,0
24.6,17.1,71.9,1
33.5,26.5,66.6,0
58.2,32.2,80.0,0
19.2,34.5,21.3,1
29.2,36.7,78.5,1
56.5,27.9,50.1,0
62.2,20.9,49.4,0
23.8,35.6,45.8,1
35.3,28.0,86.6,0
16.3,17.8,65.4,1
16.3,16.8,45.2,1
23.0,28.3,28.9,1
20.0,32.9,62.9,1
53.2,25.9,39.5,0
22.1,19.8,52.0,1
38.9,27.4,22.5,0
23.6,27.9,74.3,1
71.3,17.2,43.5,0
17.2,29.5,25.6,1
21.6,26.5,30.8,1
60.8,34.1,30.5,0
24.0,21.8,23.4,1
24.3,16.2,71.7,1
27.6,38.2,25.7,1
28.8,37.0,28.9,1
16.4,22.4,80.5,1
29.8,27.1,63.2,1
63.7,34.5,89.6,0
20.7,26.7,72.1,1
24.7,20.4,40.6,1
58.0,19.3,78.3,0
33.0,36.3,67.7,0
74.6,24.3,65.0,0
15.4,33.6,68.8,1
28.8,36.1,87.8,1
16.1,32.6,31.1,1
57.2,18.9,52.6,0
16.5,22.6,28.7,1
63.7,17.9,70.7,0
36.9,38.9,23.4,0
51.3,17.1,77.6,0
68.3,23.4,56.5,0
30.6,29.0,56.9,0
76.7,18.8,86.3,0
27.0,22.3,51.5,1
42.6,27.1,46.3,0
40.0,37.9,85.6,0
17.3,21.9,70.8,1
28.8,29.0,44.3,1
36.7,36.1,55.8,0
46.0,35.6,40.1,0
27.5,16.9,36.4,1
23.1,25.3,59.7,1
40.0,23.5,22.1,0
26.0,19.0,39.5,1
50.0,38.9,32.8,0
78.9,34.6,32.8,0
64.8,38.0,42.3,0
29.7,25.0,75.3,1
16.7,15.8,48.6,1
22.5,21.6,42.5,1
19.2,30.2,61.2,1
20.2,16.4,21.4,1
38.2,28.7,57.9,0
75.8,19.7,48.0,0
23.1,24.9,78.3,1
79.1,18.4,60.8,0
27.8,24.7,21.8,1
15.5,24.6,53.6,1
29.0,28.8,37.9,1
73.9,16.0,28.4,0
61.5,36.5,73.3,0
21.8,24.6,73.4,1
44.9,23.3,38.8,0
50.5,37.4,49.5,0
24.3,23.9,83.8,1
16.1,39.3,75.5,1
19.6,16.7,34.9,1
21.4,16.7,80.7,1
24.4,33.0,42.6,1
28.0,15.2,49.3,1
39.7,25.5,28.3,0
17.4,25.6,22.5,1
59.5,17.5,72.8,0
49.7,24.5,86.9,0
20.0,22.7,29.9,1
25.5,33.9,36.3,1
28.1,36.9,67.7,1
43.8,16.9,25.4,0
23.3,34.5,24.3,1
67.6,32.2,62.4,0
28.6,35.9,88.7,1
56.2,30.7,35.4,0
26.1,39.5,85.7,1
60.6,39.7,66.1,0
23.6,40.0,39.7,1
23.7,34.9,33.2,1
28.5,35.4,26.0,1
29.3,23.7,88.5,1
75.0,24.3,74.0,0
55.1,25.1,69.9,0
70.4,15.5,21.7,0
40.9,32.4,40.5,0
51.0,24.1,55.1,0
23.4,24.5,47.5,1
17.6,25.0,71.2,1
24.7,21.4,65.7,1
15.7,15.4,77.6,1
72.5,31.5,42.1,0
41.4,37.8,89.1,0
76.5,16.9,70.1,0
39.3,33.4,25.5,0
63.6,35.3,69.7,0
21.4,20.6,79.5,1
53.7,29.9,57.6,0
22.4,29.0,36.6,1
44.7,30.0,24.9,0
18.5,25.9,55.6,1
15.2,31.5,49.2,1
65.6,18.3,59.4,0
19.5,20.6,73.9,1
22.1,34.4,52.7,1
69.9,28.6,31.8,0
26.6,36.8,36.0,1
49.1,20.6,67.8,0
58.5,16.8,51.4,0
68.2,34.1,80.1,0
22.2,28.0,61.6,1
55.9,39.9,44.3,0
23.2,19.9,28.6,1
50.5,38.9,27.3,0
46.7,16.8,24.3,0
24.2,39.0,25.0,1
18.5,17.7,20.9,1
54.4,28.0,60.1,0
23.8,38.9,80.5,1
61.4,18.8,36.9,0
38.9,29.7,68.1,0
24.2,27.1,78.6,1
50.5,21.1,33.1,0
16.6,31.9,63.4,1
23.5,28.1,56.0,1
62.8,31.9,61.9,0
43.6,19.2,51.3,0
24.2,27.1,78.6,1
43.4,15.1,69.5,0
68.4,39.6,48.6,0
24.0,38.5,22.3,1
54.3,28.1,71.9,0
28.1,36.9,67.7,1
17.3,21.9,70.8,1
15.5,16.6,34.8,1
27.6,38.2,25.7,1
21.8,30.4,61.5,1
18.7,30.6,46.9,1
67.8,17.4,59.4,0
34.8,25.5,28.7,0
17.3,38.2,52.2,1
24.9,32.0,41.0,1
48.0,27.1,61.4,0
18.5,27.7,79.1,1
15.9,29.5,63.3,1
33.1,29.4,79.9,0
59.1,20.4,20.8,0
26.7,29.6,60.9,1
42.9,36.1,56.4,0
16.8,32.4,45.0,1
55.2,27.4,49.4,0
37.5,20.1,78.7,0
73.1,36.2,28.2,0
21.9,16.0,23.6,1
47.0,24.9,89.1,0
15.3,34.6,47.2,1
26.2,30.7,24.4,1
15.3,26.7,74.1,1
35.7,36.3,45.8,0
26.0,18.6,37.8,1
23.8,28.2,26.0,1
38.2,20.9,60.0,0
65.4,37.9,67.3,0
18.7,36.7,38.2,1
25.5,30.8,74.7,1
31.6,25.6,82.0,0
15.5,24.6,53.6,1
18.1,33.1,74.6,1
49.9,34.1,77.9,0
19.3,37.8,46.6,1
72.2,35.2,20.3,0
48.9,23.2,85.1,0
46.6,21.7,56.6,0
18.1,27.5,60.8,1
19.0,29.2,89.6,1
35.0,36.7,40.6,0
45.9,28.9,37.5,0
42.7,28.9,75.0,0
24.6,32.3,87.9,1
48.0,39.7,21.1,0
64.8,26.2,47.4,0
26.9,20.5,49.2,1
20.3,15.4,53.0,1
17.9,32.8,55.5,1
50.0,22.8,85.5,0
29.2,26.0,65.4,1
32.9,36.1,46.1,0
23.0,19.3,44.5,1
40.6,17.9,32.7,0
42.0,38.6,36.0,0
18.7,33.8,36.2,1
75.8,26.2,24.1,0
29.9,19.7,33.3,1
34.5,15.3,35.5,0
15.1,17.2,45.9,1
28.7,23.3,59.0,1
23.6,22.9,20.4,1
63.0,16.1,81.4,0
15.7,15.4,77.6,1
78.4,39.7,41.3,0
25.6,32.0,63.2,1
32.3,30.3,54.7,0
28.3,37.7,56.8,1
48.3,36.8,69.6,0
27.1,39.5,36.1,1
50.9,17.5,26.2,0
70.8,36.3,81.5,0
27.1,27.4,48.5,1
16.1,32.6,31.1,1
22.1,16.5,75.1,1
30.2,28.3,36.5,0
24.3,16.2,71.7,1
18.1,27.5,60.8,1
71.8,33.0,33.6,0
65.0,25.2,27.9,0
22.9,35.8,28.1,1
16.8,29.9,74.4,1
19.1,27.5,58.6,1
29.9,39.9,53.8,1
18.8,17.4,28.4,1
70.3,28.6,25.4,0
62.9,30.0,55.9,0
19.3,28.1,49.5,1
16.4,19.2,56.0,1
36.0,32.7,41.6,0
62.5,28.7,21.4,0
26.6,18.4,56.0,1
19.6,16.7,34.9,1
78.0,26.3,40.9,0
46.6,37.3,87.1,0
24.2,36.2,31.2,1
68.3,26.0,33.9,0
34.1,27.7,35.2,0
72.7,39.3,71.9,0
18.2,29.6,56.6,1
23.8,35.6,45.8,1
28.3,23.3,89.2,1
17.2,37.3,35.1,1
18.2,25.3,59.2,1
52.3,36.4,60.6,0
26.7,30.1,61.1,1
26.0,36.1,66.8,1
25.4,22.9,87.9,1
23.3,22.8,46.2,1
38.2,27.4,39.9,0
48.5,29.8,49.6,0
15.5,21.0,77.9,1
60.2,26.3,84.9,0
36.1,35.6,82.0,0
25.4,22.9,87.9,1
71.8,29.7,70.5,0
28.4,19.3,89.5,1
43.4,26.9,35.0,0
50.4,35.8,36.6,0
50.9,23.0,87.7,0
22.6,35.3,60.5,1
49.8,25.5,57.4,0
26.2,21.6,34.8,1
74.9,35.6,30.6,0
53.1,23.7,77.7,0
24.2,16.7,64.6,1
27.1,21.4,70.7,1
72.9,17.1,74.1,0
24.3,38.1,32.2,1
17.5,19.0,62.5,1
70.5,20.3,39.2,0
18.9,17.7,84.9,1
16.1,31.1,27.5,1
20.5,17.1,83.2,1
36.0,29.2,66.3,0
20.9,40.0,72.4,1
76.4,29.2,27.0,0
17.3,19.4,85.3,1
16.9,15.5,43.9,1
16.6,20.8,38.5,1
44.5,30.9,42.9,0
63.2,23.7,36.0,0
29.8,15.5,25.7,1
58.6,23.9,71.4,0
25.3,39.4,55.6,1
60.7,37.3,45.7,0
27.2,23.9,31.7,1
73.8,25.6,65.8,0
65.1,28.3,30.3,0
52.7,28.4,79.7,0
19.6,16.7,34.9,1
37.1,22.7,75.4,0
77.1,23.4,47.7,0
78.1,17.5,35.3,0
51.5,25.3,75.0,0
30.3,20.8,75.6,0
25.2,36.9,36.2,1
15.5,23.9,29.7,1
25.6,32.0,63.2,1
49.1,28.4,52.8,0
68.4,17.8,52.7,0
25.6,31.3,67.4,1
68.9,37.0,21.0,0
74.9,36.4,42.1,0
21.1,23.1,34.7,1
22.0,32.3,30.7,1
25.4,24.7,48.6,1
45.6,22.4,28.8,0
21.9,16.0,23.6,1
24.4,17.0,23.7,1
70.5,18.8,73.8,0
39.6,19.2,81.1,0
28.1,19.6,46.2,1
55.6,36.9,42.5,0
19.8,18.5,38.7,1
43.1,37.1,44.1,0
21.1,18.1,71.7,1
68.2,18.6,38.4,0
52.1,32.8,25.5,0
25.6,28.0,43.6,1
22.6,23.8,88.1,1
32.4,31.8,55.6,0
36.4,31.9,55.0,0
70.4,32.7,53.9,0
15.5,16.6,34.8,1
38.4,36.4,64.6,0
25.5,26.1,88.7,1
25.4,28.1,71.2,1
32.9,18.3,65.3,0
27.7,36.1,51.3,1
23.6,22.9,20.4,1
24.2,39.0,25.0,1
42.0,15.8,46.6,0
56.5,18.0,59.5,0
36.3,38.3,37.4,0
29.9,39.9,53.8,1
21.3,30.2,63.2,1
34.3,39.5,49.1,0
56.1,15.2,87.1,0
48.9,23.2,44.1,0
18.7,28.2,44.3,1
72.1,25.6,52.7,0
25.8,27.9,24.9,1
52.3,30.4,65.5,0
30.6,22.0,80.0,0
27.9,22.2,78.2,1
28.3,27.5,47.6,1
28.5,25.7,20.1,1
26.3,28.6,89.5,1
74.3,15.9,89.0,0
23.4,24.5,47.5,1
25.0,18.5,81.4,1
48.2,33.6,27.2,0
71.5,37.7,62.2,0
77.0,38.3,36.6,0
21.1,15.2,71.1,1
28.6,35.3,60.0,1
17.3,30.2,87.7,1
20.2,31.7,28.6,1
42.8,25.3,78.1,0
21.0,17.2,83.4,1
22.3,22.9,59.9,1
77.2,28.5,32.7,0
