node_id,soil_moisture,temperature,humidity
1,39.5,24.5,43.6
13,60.0,36.6,78.6
3,34.9,26.9,32.7
7,51.8,39.8,61.4
3,43.5,36.4,29.4
8,46.4,15.6,54.3
11,25.8,17.4,39.4
8,71.0,31.2,66.4
14,23.3,24.4,88.4
9,80.0,16.0,73.7
6,73.5,28.8,81.5
2,53.8,29.4,40.6
5,61.9,23.9,58.8
5,61.9,16.0,45.3
4,35.8,37.6,59.8
9,26.1,30.7,46.4
5,22.8,21.3,45.3
2,40.7,27.8,48.8
8,22.4,18.1,73.8
7,42.8,37.4,81.4
17,57.2,29.0,43.3
18,16.1,20.2,82.2
2,51.2,24.2,33.2
7,65.1,15.4,62.4
2,36.0,39.9,53.7
6,28.8,15.9,62.4
14,53.4,25.6,76.1
20,73.4,20.9,89.7
1,22.5,37.8,33.8
1,79.1,33.4,54.0
5,20.4,23.0,24.6
14,23.6,17.5,88.6
13,26.6,17.1,21.5
17,58.3,37.2,58.1
4,31.8,31.8,81.4
9,46.9,22.8,38.2
10,24.3,36.3,58.2
6,22.3,29.0,28.2
3,47.3,24.6,38.5
9,66.6,38.4,23.1
5,76.4,36.7,86.6
7,39.7,25.2,86.2
2,37.7,26.9,77.8
6,22.8,27.2,24.9
9,53.3,32.8,42.1
2,38.8,27.0,78.5
4,47.8,17.7,40.9
4,31.6,31.5,80.3
18,40.8,17.5,24.1
1,19.0,39.6,77.9
18,28.4,26.8,85.4
3,17.6,35.5,35.7
1,15.6,22.8,58.6
11,41.3,24.2,61.4
1,35.8,36.4,50.2
14,19.8,33.4,60.0
1,24.4,24.6,78.4
9,71.6,34.2,43.0
9,62.5,29.3,66.2
20,76.5,19.3,52.1
8,32.1,28.1,76.3
8,34.3,23.5,63.1
9,52.7,25.2,53.8
17,24.1,24.0,66.6
5,52.2,27.4,84.9
9,56.3,30.6,65.9
8,47.1,25.4,55.1
9,27.2,25.0,36.7
1,18.6,22.5,38.6
13,22.8,25.3,27.2
17,48.9,24.3,58.0
2,64.8,17.5,73.5
17,37.2,38.6,73.0
18,60.6,27.0,64.3
6,34.7,19.6,27.7
4,39.0,21.8,79.5
2,41.2,36.6,62.2
3,38.7,19.5,65.8
7,26.9,23.5,44.6
8,37.9,29.1,86.4
4,62.5,29.7,27.8
8,65.9,26.2,24.9
6,17.8,21.8,21.5
7,49.3,39.2,54.1
15,36.0,20.7,67.2
12,23.1,31.4,30.8
2,18.8,26.3,31.4
6,42.1,32.2,35.2
3,61.1,34.6,60.1
16,55.1,36.6,24.0
8,47.6,21.3,52.4
6,29.0,24.5,58.4
14,34.2,29.5,77.9
3,73.3,38.6,65.4
13,69.8,20.4,50.8
9,37.3,31.4,51.4
4,40.2,34.4,50.0
8,39.5,33.2,72.0
8,46.4,35.5,20.0
5,31.4,22.3,34.3
20,22.7,30.9,35.0
9,78.1,16.3,24.5
5,37.2,36.0,59.2
6,44.5,15.4,76.6
9,43.2,15.2,42.9
3,73.1,28.7,28.2
13,52.7,29.9,78.8
6,76.3,39.4,48.0
20,31.4,28.0,70.3
17,74.2,32.6,58.1
2,38.9,26.7,72.7
8,78.9,15.7,84.9
15,76.7,19.2,81.9
8,66.8,22.2,64.8
19,35.0,33.5,75.7
4,49.4,20.4,68.1
19,71.5,32.5,75.5
16,77.3,17.9,69.5
5,38.1,34.1,35.5
8,51.7,28.8,87.1
1,57.4,33.4,25.5
9,75.8,34.0,59.4
2,33.5,21.8,87.7
7,30.5,25.9,24.4
7,34.1,34.2,32.7
1,50.3,37.7,50.5
1,65.6,35.5,70.7
6,76.6,31.7,37.1
15,59.9,36.4,50.2
1,40.1,25.3,37.2
3,74.5,32.4,30.1
14,78.7,34.6,45.0
12,57.2,19.1,76.4
2,30.6,19.6,23.3
15,59.8,30.3,20.3
11,54.9,38.1,23.4
7,57.2,22.4,54.3
2,54.9,32.8,41.2
12,15.0,28.9,79.3
13,40.5,18.6,79.6
6,18.9,16.0,57.9
9,68.4,31.3,85.7
1,55.7,32.8,36.6
8,65.1,35.9,89.1
9,36.2,25.9,41.0
18,42.8,30.8,33.9
20,54.4,29.1,21.0
20,34.0,16.8,23.3
6,37.2,38.2,68.1
4,62.7,19.3,27.9
5,19.9,21.5,32.8
19,70.3,20.9,80.3
6,74.7,38.6,64.2
15,18.9,33.2,81.6
8,53.6,15.2,50.4
20,42.1,20.1,47.4
10,64.0,21.8,73.3
11,21.6,22.5,74.3
5,38.7,34.5,77.6
5,18.3,33.8,87.5
6,79.0,39.8,66.5
5,42.8,24.3,37.7
1,38.4,36.3,31.0
3,44.1,37.9,61.6
3,36.1,30.1,41.8
4,26.5,20.2,35.3
9,42.2,38.0,44.0
6,28.2,36.9,54.4
9,25.0,31.4,84.5
10,67.4,21.6,58.6
5,67.8,23.8,61.2
9,67.7,32.3,24.7
8,76.3,18.9,78.2
15,57.8,20.4,43.5
6,21.6,39.1,58.0
10,43.2,26.6,22.1
5,50.7,16.3,30.4
7,17.0,34.6,62.2
1,78.0,25.3,22.8
20,71.2,21.6,29.5
1,48.6,36.5,53.1
7,23.1,24.9,72.1
3,77.7,31.7,60.3
5,25.6,23.5,79.9
3,47.6,25.6,72.4
6,40.5,32.4,83.5
1,45.0,27.6,74.3
3,60.8,22.0,34.0
13,42.7,19.8,80.3
7,77.2,16.9,36.2
16,69.1,20.2,71.2
12,31.3,26.4,39.6
7,57.7,30.4,47.7
9,63.8,18.2,58.5
5,52.9,37.5,41.7
1,58.6,39.4,24.8
4,65.7,18.0,43.2
17,17.2,22.7,60.0
2,36.8,30.5,41.0
3,78.5,21.0,24.2
5,65.8,36.2,40.8
9,29.0,29.8,61.8
3,29.3,29.4,32.4
8,35.4,28.4,60.3
3,63.2,21.5,58.3
4,27.6,23.6,67.1
6,21.9,30.9,79.7
13,46.6,37.7,71.2
15,43.7,39.9,74.6
5,37.7,26.8,43.9
3,31.3,22.0,22.4
12,64.8,27.3,58.2
1,17.2,17.6,48.3
13,22.5,28.2,44.0
11,38.4,35.9,37.3
6,24.9,22.2,49.9
15,29.7,32.9,44.5
3,35.1,23.7,30.3
14,68.2,25.5,74.1
8,43.6,15.3,24.0
5,70.3,22.9,50.8
8,22.7,17.5,86.4
8,50.4,39.6,50.1
12,59.7,36.9,67.6
5,54.2,30.3,39.1
16,47.5,17.9,51.6
18,75.5,23.4,57.2
1,74.4,18.5,88.1
7,26.6,37.8,87.5
1,49.1,32.5,52.7
6,43.2,35.7,28.5
20,58.7,37.6,72.7
1,49.1,28.4,52.8
11,16.6,29.1,60.6
9,36.6,39.9,31.0
2,25.6,37.9,58.3
11,69.0,31.0,67.2
2,17.1,27.6,43.0
16,54.5,34.9,24.1
18,25.7,20.6,24.7
9,22.5,27.3,83.8
3,19.5,20.9,69.5
12,32.6,34.1,55.2
20,57.0,39.9,62.4
7,79.3,29.0,86.4
3,20.3,20.8,56.6
7,26.7,29.4,25.6
2,44.2,24.6,53.4
1,28.7,23.3,59.0
11,15.8,18.6,84.6
19,64.4,25.6,81.2
4,44.4,23.5,46.6
8,19.4,28.8,62.4
1,68.9,20.4,85.6
5,28.1,33.0,67.2
7,62.3,34.9,67.0
9,69.1,21.7,52.6
5,56.2,29.9,64.4
1,35.4,28.1,35.3
19,65.1,39.4,20.0
1,51.2,31.1,74.8
8,19.3,25.2,86.1
16,53.8,17.4,35.8
2,22.1,21.3,78.6
4,75.7,28.7,62.1
18,58.3,26.8,44.1
3,66.2,38.5,84.0
18,30.2,27.9,75.3
19,16.8,15.4,55.4
16,17.8,29.2,88.8
15,79.8,27.9,65.7
5,74.2,37.7,82.7
20,62.5,34.2,86.3
9,78.9,32.5,58.7
19,51.8,32.4,23.2
5,46.8,18.8,81.8
1,71.6,24.6,85.3
19,17.3,19.1,24.6
9,37.8,18.4,68.6
9,17.3,20.3,55.9
4,51.4,34.6,55.9
2,20.0,27.4,61.9
2,40.5,16.0,48.9
4,38.6,31.1,53.8
20,18.9,28.3,22.0
1,26.1,39.5,85.7
2,22.6,27.0,21.7
1,53.7,24.3,78.2
20,78.9,19.5,21.9
12,72.2,35.2,21.9
7,77.2,25.6,89.1
4,30.5,19.3,21.5
13,23.4,20.4,59.4
6,76.7,16.9,40.2
7,77.7,35.9,36.5
6,27.0,30.4,43.3
8,32.8,33.5,51.4
5,40.8,19.1,86.6
9,58.3,25.9,26.5
3,56.7,35.6,49.1
13,31.7,37.1,47.3
2,58.2,19.7,50.2
2,42.2,26.7,36.7
18,61.6,20.1,75.2
4,52.4,20.9,47.3
20,37.0,34.0,39.5
8,75.1,33.5,37.2
1,35.6,17.4,62.7
10,48.8,21.2,86.8
3,68.5,28.8,75.1
13,31.3,37.1,82.5
6,29.3,26.6,65.0
4,17.5,23.6,61.2
20,21.1,15.2,22.6
15,25.3,37.0,58.3
7,69.3,19.4,41.8
8,75.2,39.9,34.6
2,26.2,20.0,87.4
7,61.0,31.0,50.4
1,18.7,30.6,46.9
3,78.9,20.9,78.1
2,39.8,32.6,89.0
9,42.8,32.3,50.6
15,16.4,29.2,83.6
13,27.8,30.4,81.7
12,36.1,38.6,62.9
2,19.2,23.3,36.9
4,65.8,23.4,51.6
4,31.3,21.5,83.6
6,68.1,17.6,52.8
2,37.5,26.1,48.2
18,53.5,35.0,45.2
14,67.4,29.4,38.8
14,72.8,22.4,34.5
10,40.0,27.0,58.2
6,68.6,16.7,45.0
15,48.2,22.1,59.8
19,16.8,30.6,51.5
1,23.6,40.0,39.7
3,44.0,30.8,32.7
2,69.0,21.5,28.0
12,19.3,16.4,30.7
3,41.7,32.0,59.4
16,18.1,21.4,59.0
12,64.0,31.9,74.8
13,66.2,34.0,51.6
3,53.9,32.2,86.6
7,77.2,25.8,33.4
11,54.1,20.6,50.2
8,39.0,36.1,21.2
8,26.7,33.8,31.1
18,37.3,33.4,70.7
6,37.7,19.8,35.1
6,47.9,22.5,34.7
6,50.5,25.0,46.6
1,31.5,34.1,81.2
2,58.4,26.0,62.9
18,38.0,29.8,41.5
7,52.9,29.5,63.5
4,54.0,16.8,42.1
5,34.0,31.4,40.4
6,46.5,38.8,64.8
3,55.8,39.0,89.9
1,61.6,25.1,37.4
6,18.1,15.5,51.7
8,22.0,18.4,43.8
4,41.2,30.5,88.5
3,23.7,37.1,87.3
2,27.0,33.9,77.5
9,16.4,19.0,50.5
8,72.6,16.1,54.2
15,29.2,29.9,34.8
3,75.8,16.8,52.2
14,17.8,19.4,35.8
11,42.1,30.3,44.7
3,57.9,30.8,37.6
9,23.1,17.5,46.6
3,18.4,29.0,22.7
8,57.0,21.3,83.5
19,41.9,33.8,73.1
4,44.1,34.0,61.9
5,68.3,27.2,34.6
17,44.6,37.8,52.4
8,64.8,34.8,70.6
11,62.6,25.4,79.2
6,36.3,28.1,53.9
20,52.7,35.1,63.5
4,72.4,21.7,58.0
10,27.9,25.4,64.3
2,50.0,17.4,72.9
19,20.9,30.0,54.5
5,46.3,35.2,29.2
11,38.0,17.1,40.5
1,68.6,21.7,54.7
19,63.9,16.1,87.9
4,22.1,27.0,58.6
10,72.3,29.7,65.3
5,79.4,36.3,89.8
2,51.7,35.5,38.3
13,79.3,16.9,69.8
1,15.6,24.5,34.7
15,69.9,36.2,70.3
4,53.6,25.4,66.1
6,29.4,36.0,31.7
14,18.7,18.1,66.4
13,74.9,23.8,57.8
19,28.4,32.1,45.4
14,77.4,39.4,64.4
18,79.7,23.6,38.8
8,19.5,27.4,75.8
7,77.7,31.7,47.8
17,62.9,34.2,80.0
6,42.5,39.9,51.8
4,77.3,20.0,34.2
9,75.4,36.3,34.0
7,60.9,16.1,78.6
8,48.8,17.8,32.3
1,72.4,32.6,55.6
3,55.8,21.1,45.1
19,55.7,33.3,83.3
1,58.7,30.1,49.8
3,30.8,23.6,39.2
5,19.7,17.8,76.0
11,73.4,24.2,37.5
15,76.2,23.4,31.6
1,16.5,22.6,28.7
3,34.1,22.5,59.7
2,76.3,22.2,27.4
15,75.1,24.7,63.7
12,52.5,23.6,27.1
19,37.1,18.3,54.9
16,70.5,15.2,73.1
9,49.4,26.7,27.2
7,47.8,16.1,49.3
9,28.6,31.8,20.7
18,76.6,32.1,86.2
7,40.9,34.9,66.3
9,59.4,35.7,74.2
8,46.8,30.3,84.0
6,44.4,15.9,81.0
7,60.9,25.1,85.1
19,32.5,26.0,48.7
20,39.4,17.8,37.3
10,49.1,30.1,45.3
2,73.7,28.7,50.6
19,15.8,32.7,39.8
10,44.5,30.2,54.3
19,65.8,32.5,38.2
1,57.6,28.3,43.0
6,37.3,27.4,84.0
4,21.6,32.1,51.4
8,40.5,28.0,76.5
16,74.8,26.7,61.9
15,21.3,17.6,43.3
17,77.1,34.1,78.9
5,46.8,27.8,49.7
7,66.8,28.0,23.5
19,79.1,27.6,65.5
9,47.2,23.4,72.2
14,43.7,19.3,83.2
8,24.7,31.5,65.3
2,53.9,29.5,52.0
7,25.4,27.8,44.0
4,42.7,15.6,48.9
9,60.2,35.1,80.7
8,53.0,20.5,34.5
5,54.5,17.9,25.1
8,41.2,28.3,25.4
13,15.9,35.1,57.7
2,31.6,24.8,28.3
5,56.7,17.0,52.8
10,74.0,21.1,52.3
9,49.9,26.8,42.5
1,79.7,18.4,34.4
5,25.9,27.8,70.9
6,18.8,29.4,47.2
12,42.9,36.8,30.2
8,36.1,24.3,75.4
3,18.1,22.7,51.4
14,18.4,26.0,48.6
1,41.0,29.2,31.6
2,60.7,32.9,64.3
15,72.3,28.1,54.4
8,70.2,31.6,52.2
9,18.4,27.9,41.9
13,68.5,23.5,78.6
6,29.0,39.2,69.7
9,69.0,33.2,77.0
8,55.9,23.0,29.8
8,38.8,22.0,41.9
5,56.8,16.2,56.3
18,16.0,18.8,88.8
7,67.2,32.5,66.3
14,64.6,36.7,60.4
5,26.0,36.3,53.0
10,20.6,39.1,25.5
3,75.9,35.5,75.4
6,18.2,22.2,66.5
19,37.2,25.0,74.7
4,45.2,31.9,63.5
4,39.5,21.3,70.6
9,67.3,17.7,44.2
18,16.0,23.5,64.2
18,36.8,37.8,56.3
3,28.9,38.8,56.8
13,66.9,20.3,25.6
16,64.1,22.5,71.7
3,56.8,25.4,62.9
13,46.5,36.2,82.9
16,77.2,27.0,74.8
2,34.7,34.9,48.3
5,57.3,25.8,32.5
8,60.9,25.1,85.5
5,43.3,15.1,75.6
13,59.1,27.5,55.6
20,20.6,23.2,33.2
16,33.9,15.7,52.1
3,48.1,35.1,62.4
18,45.0,19.7,88.2
11,49.7,34.7,58.5
1,16.6,20.8,38.5
4,79.1,15.6,67.3
5,26.6,16.2,71.1
14,41.2,34.8,32.6
4,69.5,35.5,52.6
5,65.2,31.1,64.5
9,61.4,38.0,31.5
18,37.5,36.8,26.3
6,51.0,26.9,69.2
9,72.6,34.9,50.5
6,58.9,24.9,77.3
1,49.5,17.2,24.0
10,26.4,31.1,62.4
7,67.7,20.1,86.8
2,79.3,38.2,86.2
1,30.8,33.2,57.3
4,60.8,33.6,53.7
15,46.5,39.7,66.6
6,30.6,23.5,74.5
3,21.6,21.5,56.6
4,65.8,28.1,21.5
20,54.0,24.8,80.9
4,29.3,39.5,71.6
10,40.6,29.4,61.5
2,35.4,25.2,72.6
11,52.2,23.7,29.4
1,21.0,37.6,32.2
10,63.3,39.5,24.6
8,15.6,35.6,56.4
4,72.0,28.1,70.9
6,45.1,28.9,39.8
18,20.9,28.2,78.1
14,57.5,28.1,62.9
2,46.0,39.9,68.5
1,52.7,28.4,79.7
9,46.0,33.7,55.8
15,70.0,25.6,83.4
3,78.8,18.7,39.1
4,53.8,21.4,25.9
8,57.8,32.2,27.2
3,29.3,25.7,41.3
14,64.5,27.4,81.7
2,60.2,30.2,68.0
11,68.2,38.8,48.3
9,78.7,34.1,31.4
9,44.4,32.2,23.8
16,55.5,34.0,31.9
18,18.1,19.5,40.2
4,15.5,21.0,46.7
5,59.8,29.1,43.4
8,16.3,31.4,65.1
20,21.7,26.4,65.2
12,79.9,22.8,59.6
15,77.0,19.3,26.0
12,77.2,30.0,80.5
1,55.7,20.1,30.5
14,74.2,30.2,81.6
14,68.2,35.7,62.4
7,52.8,35.8,20.8
17,49.1,26.9,67.6
6,68.2,20.8,72.3
12,65.6,29.0,77.4
2,29.0,35.4,36.6
14,51.8,25.3,77.6
18,76.8,27.1,89.3
4,47.5,24.3,40.0
4,65.9,39.9,78.2
3,64.0,28.5,76.2
2,61.9,17.1,22.1
2,72.5,22.4,34.8
10,45.4,34.4,29.0
4,52.5,30.5,45.9
20,43.5,25.1,32.3
8,79.3,17.3,56.8
13,73.2,38.7,44.6
9,57.2,28.7,69.5
13,15.6,33.8,60.9
10,74.2,35.3,47.4
5,39.3,16.0,38.9
13,55.3,20.9,41.7
1,70.9,32.8,74.1
1,50.1,24.9,30.6
16,49.1,17.1,29.3
6,31.1,38.0,83.7
8,70.8,32.1,69.5
4,33.2,31.5,75.8
5,58.2,25.7,84.9
20,22.6,37.8,89.1
3,43.1,40.0,49.4
19,39.1,24.7,22.6
16,24.7,18.7,82.0
14,79.7,38.5,85.8
5,56.1,20.7,89.8
2,21.2,25.9,24.3
1,45.9,18.2,58.1
9,65.5,22.4,39.8
10,18.1,23.8,88.7
6,63.8,37.4,34.5
3,62.7,37.9,50.8
6,32.3,29.7,81.5
12,39.3,30.8,40.4
1,65.4,19.3,89.9
4,49.2,32.9,63.5
1,16.7,27.8,63.2
12,74.9,17.1,61.5
17,24.9,19.3,38.3
19,74.7,22.4,50.0
7,34.2,28.6,87.2
20,19.7,30.6,35.5
9,17.6,22.0,53.8
16,49.4,32.0,43.1
8,21.8,38.4,67.1
2,34.3,16.5,77.4
11,65.9,21.6,47.5
3,39.7,33.2,37.1
5,76.5,34.5,44.1
10,43.1,36.2,39.1
11,43.3,29.4,46.9
20,36.1,21.2,86.7
20,34.8,37.7,28.3
15,21.7,30.2,24.6
4,33.9,21.2,57.9
1,63.9,20.0,28.1
8,19.3,38.4,73.4
17,35.9,38.4,78.3
20,35.4,21.7,52.0
8,72.1,30.4,69.5
4,50.7,35.6,37.7
10,60.8,35.2,22.3
8,44.6,15.7,53.9
1,67.0,39.9,57.0
2,65.9,39.0,83.1
7,43.4,30.9,81.4
8,49.6,18.7,87.4
18,52.6,37.7,49.2
9,65.4,31.2,27.0
5,55.0,26.6,21.7
10,21.1,35.8,81.2
11,34.5,33.2,32.4
1,18.2,25.3,83.6
2,35.5,21.3,81.8
16,61.8,18.9,69.7
2,37.1,37.3,33.2
14,49.9,36.9,30.4
13,64.0,23.0,25.6
2,41.9,30.3,31.5
6,72.5,28.6,59.3
7,42.7,35.2,79.3
1,26.8,26.0,83.2
11,46.6,22.9,29.6
8,67.0,35.3,52.4
1,41.0,37.8,73.2
20,71.6,32.7,40.6
8,34.9,37.0,23.5
10,29.3,27.7,53.0
5,21.2,23.6,81.4
5,41.2,28.0,68.6
10,24.7,23.5,27.3
15,78.8,35.1,24.5
9,58.6,32.6,71.7
7,70.2,17.2,54.5
2,28.8,28.8,66.9
17,64.3,32.0,31.8
3,74.8,21.6,55.5
3,39.2,27.2,21.1
4,79.6,31.3,70.0
18,60.6,35.6,44.5
5,29.1,27.0,70.9
11,57.0,18.1,34.1
5,65.8,35.8,61.3
2,42.2,17.3,60.8
5,67.6,29.6,51.2
1,68.1,26.3,76.3
4,79.9,25.3,24.6
10,71.2,39.9,69.1
1,69.1,33.8,58.0
4,60.7,29.8,68.3
13,73.7,20.8,65.6
17,74.8,26.1,55.6
4,79.2,38.5,20.3
2,78.5,15.3,28.8
4,17.4,39.2,69.2
16,67.0,30.6,58.5
5,46.6,26.2,74.7
8,47.3,26.6,75.0
5,46.1,31.7,59.4
14,68.6,32.2,62.9
2,53.1,27.1,49.0
7,33.1,32.0,48.6
6,52.1,39.8,60.0
3,76.7,28.4,21.8
7,65.4,21.5,49.9
4,61.5,16.9,71.9
1,58.5,28.1,83.4
4,49.5,22.8,79.2
5,39.4,15.1,62.8
7,74.5,33.9,86.5
5,16.7,21.9,39.8
3,32.8,22.5,27.4
14,72.1,18.4,30.7
12,72.4,38.7,23.6
20,38.7,30.1,74.8
5,50.9,36.7,43.0
10,22.4,35.4,57.5
1,21.6,15.2,51.5
7,35.4,15.7,88.2
4,45.0,23.0,47.2
6,29.0,28.0,71.1
18,68.8,16.2,64.1
15,61.8,29.9,40.8
12,79.1,23.9,21.3
12,49.0,36.4,20.2
1,69.0,18.8,67.3
6,43.4,31.4,28.0
4,36.0,39.6,48.8
20,42.5,26.7,79.6
8,34.9,21.9,53.5
3,75.0,28.2,38.8
1,22.0,18.4,43.4
8,73.9,26.8,56.2
15,44.5,36.5,66.4
18,31.8,22.7,64.1
3,40.0,30.9,64.8
3,68.7,19.3,87.4
14,70.9,26.4,84.2
18,27.0,35.4,38.7
6,47.4,30.7,62.7
6,38.9,28.2,75.4
18,66.5,38.6,30.0
7,74.2,21.3,46.2
3,38.2,29.7,31.3
6,16.0,24.6,22.7
9,78.3,39.1,42.1
5,51.1,20.7,61.8
18,31.8,30.2,89.4
7,70.5,35.6,43.1
8,19.2,17.6,24.4
7,40.4,36.9,72.5
4,61.9,17.1,72.0
8,15.8,33.7,78.2
1,71.4,23.2,29.8
10,26.4,27.6,89.8
2,53.3,19.7,57.5
20,45.7,16.0,39.8
3,61.3,20.0,86.0
3,72.2,32.2,88.0
15,72.0,17.6,75.1
20,79.9,21.6,59.5
9,39.4,29.0,78.7
15,18.0,32.9,70.2
19,37.4,30.2,76.4
13,46.5,30.5,20.7
5,19.6,31.6,24.0
4,50.6,35.4,84.1
11,76.9,38.6,67.1
9,18.6,28.4,56.1
13,51.0,31.3,82.4
20,27.9,16.6,26.3
9,33.5,24.7,89.1
3,73.4,32.4,23.3
4,39.7,17.9,43.1
16,52.9,18.7,48.9
10,38.7,16.0,42.1
8,79.9,28.7,49.7
4,64.8,27.9,74.7
15,47.7,15.6,69.8
5,33.6,17.7,49.1
4,60.1,37.9,57.5
9,28.0,23.2,45.9
2,67.1,20.4,66.5
11,55.0,28.7,73.8
9,66.8,15.7,62.0
1,51.5,21.4,73.2
6,56.0,24.0,54.0
14,33.2,29.3,42.1
3,52.9,37.2,79.2
10,34.1,18.7,84.5
17,41.0,37.4,72.4
8,64.0,37.4,74.7
4,21.4,31.1,81.2
12,16.8,20.8,54.4
6,39.0,18.2,86.1
7,22.9,17.7,26.2
17,29.5,26.0,50.7
7,39.9,27.5,89.6
18,34.3,16.7,22.2
1,45.2,35.9,72.1
9,58.2,31.7,36.9
6,65.6,20.4,36.0
2,45.4,17.8,20.4
10,50.6,20.5,74.7
12,37.1,37.0,78.6
5,44.0,16.3,36.0
17,66.7,37.9,23.9
1,60.7,37.3,45.7
4,54.6,35.8,39.0
19,71.1,21.2,38.1
1,49.6,38.4,39.8
9,33.1,33.4,25.5
19,69.9,21.6,61.7
1,59.5,26.8,85.5
4,30.9,27.6,32.4
6,62.2,34.5,29.7
5,47.0,32.9,20.3
7,73.1,23.2,75.0
10,40.1,19.7,48.6
16,77.5,36.6,42.8
9,47.1,30.2,26.8
6,69.3,21.8,61.1
7,42.6,36.5,53.2
3,56.2,15.7,51.5
20,40.9,17.1,66.1
8,55.5,19.2,73.5
6,74.0,18.5,52.1
1,16.9,18.4,22.3
7,48.1,29.3,26.0
19,27.3,22.6,74.0
7,20.7,20.7,51.9
19,51.5,20.9,89.1
20,29.4,29.0,87.4
8,39.6,28.1,57.9
8,29.6,32.4,58.3
10,50.7,32.9,20.4
5,33.6,33.4,33.9
1,53.4,25.2,35.7
5,20.9,18.8,28.9
15,39.7,20.1,75.3
6,42.0,39.2,28.0
6,78.7,22.9,80.9
2,63.9,38.5,30.6
13,16.1,39.1,28.0
1,54.8,38.5,58.0
20,21.4,19.5,84.0
8,77.7,23.0,74.3
4,35.1,15.4,68.5
13,28.5,16.4,75.8
3,30.3,36.4,56.8
5,43.5,18.3,66.1
14,20.7,25.8,28.9
2,16.2,16.2,54.7
2,65.1,35.1,81.7
5,79.1,22.4,29.4
4,77.4,22.6,48.9
5,23.1,31.2,78.0
18,27.4,23.0,36.4
7,63.9,24.0,44.5
11,24.1,31.5,49.4
15,73.9,16.4,88.2
6,20.6,21.9,45.6
12,75.9,29.7,52.4
5,57.5,24.3,28.9
15,53.8,24.6,67.4
16,75.3,32.5,60.9
6,67.5,36.4,80.3
8,63.3,27.0,48.9
1,50.4,20.3,49.0
5,62.3,37.5,21.8
6,20.2,33.0,53.7
18,47.7,23.0,45.6
1,39.2,15.1,37.4
1,44.3,26.7,61.7
19,67.7,26.9,30.0
2,71.6,33.8,46.6
5,36.1,16.3,88.2
3,71.4,22.6,39.3
15,27.9,25.9,68.7
18,67.7,18.6,63.1
6,40.7,17.9,42.5
8,71.7,36.9,30.5
9,70.8,25.3,66.9
18,33.7,38.5,46.7
13,53.6,24.8,33.7
20,45.2,23.1,37.0
4,53.2,24.1,24.8
9,23.2,34.4,80.3
7,35.6,16.2,31.9
16,45.3,28.8,49.8
12,68.4,31.0,26.9
1,29.7,25.0,75.3
11,44.7,17.3,76.0
5,74.2,35.8,78.8
3,30.3,30.5,35.9
4,29.2,21.2,30.1
6,38.5,20.8,27.0
9,67.7,23.4,40.6
14,38.9,36.2,57.9
2,47.0,21.9,86.1
16,63.7,35.3,87.9
3,16.2,35.0,37.9
7,33.6,31.7,56.4
9,39.0,29.4,57.9
12,59.1,26.3,47.0
7,70.3,26.5,84.4
2,17.0,25.6,80.2
8,61.9,34.6,87.8
20,44.8,35.1,66.4
5,48.0,15.7,78.6
2,29.2,20.2,26.9
9,42.4,25.8,30.0
12,21.6,28.3,53.5
2,17.9,30.2,59.3
1,48.3,20.0,75.2
14,42.5,26.8,65.1
14,72.1,38.5,75.1
1,55.8,23.1,30.3
9,79.9,33.5,43.7
7,52.8,39.2,27.5
20,31.5,35.4,43.1
20,26.5,27.1,66.6
2,57.3,31.8,28.8
18,62.0,38.2,63.3
3,33.0,36.8,52.6
16,19.2,39.0,77.3
19,61.9,37.9,48.8
7,62.2,18.4,87.1
10,57.2,19.5,37.8
12,24.7,36.0,69.6
2,45.2,33.8,33.3
2,43.8,23.9,88.9
17,65.8,21.6,40.3
13,19.8,34.4,54.1
2,26.2,32.8,66.2
6,66.5,23.7,52.9
3,64.7,37.3,27.1
10,72.2,29.1,23.5
12,29.9,27.2,56.3
18,41.9,17.1,73.9
1,36.5,19.9,32.0
8,54.4,33.1,84.6
2,45.3,20.1,26.8
13,26.0,34.5,34.9
5,23.8,35.8,82.5
1,72.3,20.5,28.2
4,67.4,31.1,52.1
16,68.8,33.7,84.7
2,61.0,22.9,21.7
1,37.1,26.5,57.1
5,45.6,21.1,60.8
14,32.0,25.7,83.3
5,45.0,30.4,50.6
20,76.8,22.8,50.6
4,21.9,35.4,56.4
18,60.9,35.8,28.2
11,74.4,23.6,42.5
20,52.4,28.0,83.6
18,76.1,37.6,80.8
15,62.5,15.3,34.4
8,75.1,16.4,27.6
6,36.5,30.5,73.0
12,31.4,15.4,48.1
4,58.5,35.0,38.2
13,42.0,16.6,65.9
10,50.1,16.7,58.3
5,18.1,39.6,83.5
1,29.5,31.2,54.8
2,73.8,28.9,80.9
7,68.3,24.6,22.2
3,35.9,19.1,62.8
10,63.9,38.1,76.5
8,54.6,28.8,89.7
1,65.1,34.3,72.8
16,43.0,29.0,55.5
5,31.0,32.6,80.2
13,61.0,24.4,22.2
9,36.9,34.6,31.8
19,61.9,33.3,69.4
5,69.1,30.9,33.2
4,42.3,16.7,37.4
3,34.2,29.8,45.4
18,79.1,21.4,51.6
14,46.1,18.9,85.6
5,63.8,22.8,75.8
20,44.6,35.5,29.0
1,66.9,35.2,64.0
4,66.8,37.6,83.8
6,23.3,37.2,40.1
9,33.1,38.5,33.6
9,67.2,25.5,43.5
1,66.8,32.1,83.3
19,16.0,29.7,40.8
18,17.2,33.4,83.1
2,79.2,33.5,58.3
14,70.3,31.4,73.4
17,57.7,21.1,84.7
6,56.4,24.9,73.3
9,29.8,35.7,36.2
3,34.3,34.2,76.4
20,46.1,36.5,20.3
7,64.8,39.0,34.7
19,35.4,16.0,61.7
2,57.4,38.7,29.3
6,45.1,32.9,32.0
6,33.7,22.2,67.1
1,35.9,17.2,58.5
1,25.1,18.8,31.2
1,52.1,20.9,30.6
11,60.4,30.5,26.0
4,62.0,31.7,66.4
5,63.3,38.2,61.6
7,48.6,36.1,77.7
4,43.6,20.2,87.2
4,54.0,39.7,54.4
5,57.1,26.2,65.1
14,15.2,37.5,62.5
16,42.0,21.8,43.2
18,47.0,15.2,86.1
3,27.1,26.6,66.7
8,27.0,27.5,58.3
8,20.7,24.7,75.8
13,26.2,28.9,23.4
2,17.4,37.3,58.1
7,16.4,28.3,39.6
7,53.6,18.7,45.1
4,27.4,17.2,86.7
4,16.4,23.3,25.0
3,66.7,35.5,51.8
13,24.7,31.0,36.4
19,26.1,35.0,40.0
2,36.3,15.3,49.3
13,51.7,34.5,23.6
14,38.5,35.3,75.4
16,48.2,38.4,28.9
6,77.0,25.5,29.7
11,44.9,35.7,63.0
10,26.1,29.6,58.2
10,57.7,38.0,79.2
2,70.4,38.3,73.2
8,23.6,36.9,82.7
16,51.4,32.8,54.0
7,75.5,30.2,43.1
6,55.5,32.3,33.0
14,34.5,29.0,48.3
1,27.6,33.4,45.3
17,40.1,22.8,50.6
19,67.8,22.9,20.7
20,58.0,38.5,67.6
7,45.8,27.3,68.9
18,54.7,38.6,69.5
6,75.5,28.6,67.9
14,72.9,35.9,38.0
12,46.2,27.0,30.1
18,18.5,22.1,84.2
19,30.6,39.5,67.2
6,46.0,27.4,78.3
4,78.0,20.8,89.6
6,37.7,18.9,47.5
3,43.9,22.6,26.0
4,27.4,38.8,36.9
13,75.4,19.3,79.3
3,28.1,33.7,73.3
14,31.5,26.8,81.0
7,72.7,22.5,62.0
5,29.3,34.5,30.5
10,63.1,18.4,37.6
8,21.7,38.0,28.5
9,65.6,18.7,53.4
5,30.9,21.0,50.7
3,67.7,25.9,80.5
12,73.2,35.5,76.0
8,48.1,33.9,64.9
2,79.8,20.3,61.4
8,68.5,22.7,29.0
7,59.5,18.2,82.1
6,54.7,33.9,40.5
5,57.8,16.8,82.4
17,62.0,25.7,70.9
7,36.7,23.5,21.1
4,71.4,33.6,55.3
3,69.7,26.7,62.6
3,77.5,25.6,30.7
14,62.0,30.8,44.1
7,75.1,26.3,85.6
17,70.1,16.4,46.0
5,42.7,38.1,49.3
3,66.3,35.8,56.6
13,61.0,38.1,40.5
15,65.3,20.8,38.9
19,69.4,22.5,80.5
5,55.4,32.4,34.0
13,63.7,19.1,23.6
2,63.9,30.5,30.1
12,78.5,24.3,66.8
18,17.8,15.5,66.8
2,22.3,30.9,58.4
17,64.0,23.0,23.1
10,57.9,38.8,42.3
7,36.1,34.9,56.9
13,41.9,21.1,55.9
17,49.7,39.2,79.4
1,64.9,36.3,63.0
16,69.7,34.8,67.1
7,61.4,39.8,69.9
6,76.9,28.0,41.8
14,37.9,26.0,67.0
3,48.2,18.7,46.5
5,48.0,22.7,33.4
1,23.4,34.4,62.6
19,75.4,24.0,38.9
12,59.6,39.8,48.8
20,30.8,24.2,41.6
1,67.0,18.0,50.0
15,52.9,21.9,55.3
2,62.8,22.6,29.7
2,38.5,26.2,47.8
8,59.2,34.6,40.0
4,58.6,37.6,58.4
2,75.9,38.9,34.9
3,20.1,30.7,43.2
16,64.5,23.0,39.9
4,29.5,29.3,58.3
18,35.3,29.0,27.6
8,69.4,39.8,52.2
19,29.5,18.9,37.5
17,56.1,35.0,26.0
15,42.7,25.6,42.7
17,32.4,39.8,29.6
5,71.8,28.5,68.4
6,48.1,20.8,66.0
12,70.4,27.9,32.4
19,74.8,35.1,29.3
16,47.5,23.3,35.5
8,51.6,22.7,51.5
18,40.7,17.0,82.1
11,61.7,39.0,54.8
8,69.4,24.2,50.9
1,76.4,20.5,82.6
18,63.9,34.7,82.0
1,61.8,19.3,80.0
13,23.0,36.4,23.4
5,19.9,21.9,38.2
13,58.2,33.0,37.7
1,36.0,24.1,37.4
9,42.1,36.5,65.5
20,77.2,15.6,51.4
13,25.2,37.3,49.9
7,18.0,25.9,82.7
7,19.8,28.0,81.0
19,26.5,22.9,45.9
9,32.4,28.8,61.4
20,41.7,39.1,79.7
9,56.8,27.7,49.9
6,33.2,30.6,46.6
19,46.6,28.4,24.0
5,36.8,15.2,89.5
8,59.3,15.2,39.8
14,72.9,35.5,44.5
8,57.2,29.3,88.9
5,65.8,26.9,63.9
4,64.5,36.3,51.0
7,36.4,21.0,85.7
7,59.3,24.8,43.3
4,16.8,39.0,21.0
1,22.7,22.6,78.7
7,29.5,38.9,60.9
12,72.6,37.6,63.0
9,41.8,39.3,79.7
7,26.7,29.8,54.2
3,49.9,31.5,74.8
11,47.4,17.7,54.1
8,56.1,19.7,74.8
6,43.8,19.3,82.4
2,44.8,31.3,80.6
14,26.7,36.8,32.2
5,76.0,17.5,58.8
17,29.5,28.4,39.5
3,15.3,15.0,47.3
2,20.3,25.1,84.9
5,35.8,16.8,33.3
16,51.8,29.1,57.7
2,77.4,33.8,69.0
2,75.0,18.3,40.6
6,72.5,16.1,48.3
8,31.3,17.1,85.3
1,25.9,23.8,73.5
5,50.3,20.7,69.4
4,50.6,37.3,70.6
1,71.8,29.7,70.5
13,63.8,18.0,38.1
14,57.6,32.9,76.9
17,16.6,21.9,60.7
7,40.7,15.3,24.7
4,43.8,15.8,74.3
13,51.3,32.2,33.0
2,47.6,29.9,83.7
8,15.1,20.1,45.1
6,79.6,30.4,43.7
6,47.6,18.4,26.7
9,79.7,33.3,44.9
19,46.7,25.5,42.0
20,34.1,38.0,83.7
16,22.0,39.6,28.4
1,69.5,16.5,59.0
15,19.4,23.3,79.6
20,31.8,25.6,49.4
9,77.1,34.6,40.0
5,36.5,33.7,45.6
5,19.4,16.9,64.5
1,78.5,32.8,45.1
8,55.0,39.6,21.5
12,72.1,38.9,63.5
8,21.4,28.2,62.6
10,62.0,30.7,86.3
9,64.9,27.4,69.7
13,43.5,27.8,28.1
15,79.4,23.4,50.8
5,59.0,34.9,38.4
12,29.9,20.2,72.4
11,31.1,15.2,20.8
5,55.5,31.5,76.0
16,44.8,30.3,24.7
11,41.7,33.9,48.5
9,16.3,25.5,55.9
1,39.6,34.2,48.6
4,18.2,35.0,67.9
15,15.3,18.9,31.8
8,57.2,27.5,75.0
6,78.6,39.0,84.9
5,16.1,24.3,36.9
11,67.3,21.2,27.2
7,42.4,38.4,71.3
19,68.1,17.1,26.8
19,76.5,25.4,39.9
7,50.8,24.0,23.4
1,34.6,25.2,74.7
4,34.5,33.7,66.0
7,32.8,19.4,45.5
14,49.5,16.5,52.9
5,77.0,28.8,46.0
7,71.2,31.3,22.9
9,62.9,20.5,21.8
7,27.4,33.7,27.7
6,61.6,34.3,50.9
6,48.6,15.4,86.3
11,30.0,20.2,54.2
17,26.3,38.0,47.2
3,19.7,25.4,27.0
16,25.5,15.7,79.8
3,35.6,26.2,81.5
6,68.8,20.9,59.9
4,29.5,20.9,45.5
5,55.4,19.5,27.1
11,22.9,38.1,31.7
16,22.3,34.5,68.9
1,37.9,34.3,67.7
9,67.5,27.3,48.7
4,51.0,35.8,64.3
4,67.9,36.7,46.0
18,52.5,18.0,22.7
3,46.6,28.4,46.7
20,60.8,34.6,65.7
16,73.3,22.4,71.1
8,70.3,37.1,63.4
17,73.0,32.0,46.1
10,64.8,39.0,82.2
8,17.7,16.8,78.0
3,27.7,35.4,75.6
2,18.2,16.6,45.7
6,67.4,37.8,20.7
12,16.8,33.5,53.9
11,75.6,17.1,56.7
1,48.3,33.7,20.1
6,43.0,28.7,74.9
8,45.1,39.4,61.9
4,42.7,35.2,55.4
3,29.6,35.9,20.4
4,66.1,37.1,65.7
11,68.8,35.2,72.8
4,46.5,25.7,62.4
1,56.0,36.7,78.8
15,35.7,22.2,58.4
2,70.3,29.4,48.1
10,15.0,26.6,59.1
6,73.8,21.7,23.3
1,53.9,21.9,52.8
14,26.4,23.0,32.7
2,28.3,21.4,79.0
3,79.7,39.0,50.4
11,18.1,22.6,68.6
7,64.8,32.6,53.4
8,65.1,23.2,56.1
13,60.1,22.7,59.2
12,41.6,20.5,72.7
19,25.0,16.9,37.8
5,73.9,16.3,21.4
18,60.1,35.7,65.6
12,30.7,35.4,31.5
13,19.4,16.2,78.0
11,60.9,20.4,33.2
12,18.5,37.3,32.3
4,25.4,35.7,64.8
20,65.8,31.0,89.5
7,48.9,38.4,36.2
5,41.0,31.5,77.1
2,36.0,37.7,45.9
1,23.9,26.0,27.8
15,55.9,30.4,27.1
18,53.9,27.3,44.6
9,39.0,22.6,60.6
8,43.1,29.4,86.5
15,39.9,38.0,51.9
5,36.0,17.1,54.4
2,40.0,39.6,70.4
13,29.0,19.6,59.1
3,47.2,35.1,75.7
19,61.8,24.1,85.3
7,30.7,20.0,89.8
4,69.4,18.2,88.8
6,52.4,30.0,57.5
10,60.9,26.4,58.7
13,62.7,19.9,38.4
1,74.9,36.4,42.1
7,28.1,33.1,57.9
15,51.9,26.0,80.9
14,35.2,36.0,21.0
17,41.8,23.7,57.1
3,32.0,21.5,50.2
19,21.3,33.9,73.2
3,79.6,17.2,63.0
20,54.7,24.1,85.8
3,47.1,39.8,44.4
6,73.5,35.8,57.8
14,72.8,39.2,67.0
7,16.7,17.0,59.3
20,34.1,33.0,25.4
9,36.9,37.3,25.9
3,17.8,18.5,24.7
4,32.3,17.4,21.2
2,57.3,16.4,78.5
6,20.1,15.6,23.8
13,58.4,33.2,66.5
6,16.6,26.9,53.7
14,65.3,31.2,74.6
1,44.8,33.6,70.1
14,22.8,17.2,23.1
11,59.5,38.1,79.6
17,32.5,29.0,21.8
3,73.8,15.8,58.7
2,19.6,38.4,70.3
17,38.7,34.8,67.0
2,17.5,32.4,29.8
8,20.0,18.0,87.2
9,72.1,26.7,48.0
8,73.4,16.5,26.7
19,69.0,28.0,64.5
16,61.5,31.9,26.0
11,78.0,31.7,57.9
10,27.2,18.9,77.3
6,40.6,15.2,21.9
6,15.2,17.4,47.6
4,67.4,29.3,25.5
19,65.2,34.9,85.3
5,60.0,19.1,82.8
3,49.5,19.1,42.5
11,56.9,19.3,55.6
5,75.0,20.5,79.7
4,59.4,30.6,34.6
2,51.7,36.0,68.4
1,27.5,25.0,43.6
2,33.9,25.4,35.4
6,41.3,15.3,73.8
16,25.1,22.0,59.6
17,37.3,21.2,34.8
5,25.7,15.8,69.0
2,52.9,25.8,30.4
9,72.4,24.2,72.5
1,50.0,28.7,81.8
6,16.6,27.3,42.8
8,40.6,28.3,78.2
12,76.8,29.8,52.1
7,58.0,27.1,49.8
7,70.9,36.6,72.2
11,67.8,39.1,64.9
13,67.8,37.6,46.6
11,16.3,37.2,83.2
14,38.6,32.2,34.6
6,67.5,23.0,32.3
9,72.3,22.0,24.9
2,50.8,37.0,84.7
15,29.0,17.7,54.9
2,20.0,34.1,51.9
8,18.0,17.5,50.2
12,61.1,30.4,75.1
19,22.7,38.6,54.5
4,30.0,31.3,40.9
9,62.3,18.0,48.6
9,78.1,25.0,80.7
18,65.2,16.7,59.8
5,56.1,36.2,30.5
1,26.7,23.2,67.9
17,22.9,32.3,37.7
2,38.9,24.0,64.8
1,18.5,27.7,79.1
15,18.3,26.5,31.2
4,27.2,34.1,51.1
5,53.5,38.9,35.2
15,19.4,23.3,68.2
20,47.7,39.7,45.1
6,53.1,31.9,61.0
7,33.4,38.8,80.8
1,16.8,29.9,74.4
3,79.0,15.2,64.3
10,71.0,32.9,58.3
17,46.7,21.7,22.6
6,76.1,39.8,76.4
3,75.0,18.9,42.2
2,27.9,29.9,27.6
15,39.4,24.9,50.2
5,39.5,32.3,72.7
12,27.0,36.2,42.5
4,44.6,31.8,45.2
3,38.3,15.8,47.5
8,53.1,32.4,22.0
10,30.0,20.1,33.6
1,29.6,34.1,84.6
18,24.1,38.4,89.0
15,67.6,29.8,75.5
16,17.5,20.9,21.0
6,79.5,31.6,50.2
3,43.8,20.6,82.5
17,79.9,19.3,60.5
5,65.7,37.5,83.5
4,45.4,39.0,54.6
13,53.4,16.0,74.7
2,46.2,22.8,64.4
7,17.2,33.6,51.6
8,78.8,23.3,45.7
16,42.4,18.2,54.1
17,18.4,15.4,50.1
12,59.8,22.9,72.7
8,73.0,30.6,40.2
3,35.1,16.6,74.1
5,19.6,23.2,59.1
17,44.2,20.8,26.0
3,36.7,29.8,29.3
9,57.5,35.0,78.9
8,62.8,18.0,28.1
20,64.9,27.7,59.1
3,48.1,39.4,47.7
3,67.3,22.7,73.4
15,78.0,16.7,86.0
9,69.8,29.3,32.8
8,36.2,25.8,79.3
16,64.6,26.2,72.8
4,67.5,26.5,63.0
9,33.1,27.6,32.2
1,57.7,38.2,59.2
16,39.6,30.0,56.0
11,28.0,22.1,87.9
4,22.0,39.3,71.4
10,49.3,18.5,69.0
19,24.7,31.0,48.0
13,35.8,16.2,44.5
3,79.3,17.1,29.3
6,59.1,18.1,64.9
10,18.1,21.8,26.6
7,75.9,28.0,78.8
16,15.3,38.6,79.9
8,39.3,16.0,88.0
6,16.9,17.3,49.2
6,28.9,39.2,26.8
3,58.8,39.7,77.2
13,66.3,31.3,86.7
7,36.8,26.7,81.4
10,20.0,18.4,57.9
14,60.5,24.5,23.2
6,19.5,29.1,53.8
13,28.1,37.2,23.9
8,54.9,25.0,88.2
4,65.8,23.1,45.5
19,77.7,15.4,50.2
7,78.2,35.0,41.3
17,30.4,20.1,85.6
10,74.5,25.5,36.2
19,37.9,16.3,59.5
12,55.0,30.3,61.4
15,39.8,34.8,33.4
8,75.1,29.7,30.2
5,16.6,35.1,82.4
10,19.1,33.8,66.0
15,23.1,35.1,62.8
9,44.1,33.0,66.1
17,31.1,35.4,34.8
12,29.9,31.7,43.3
14,29.4,26.8,29.0
7,45.5,17.8,71.8
19,41.5,33.3,26.3
20,71.1,27.3,37.8
6,58.4,19.0,39.6
5,73.2,21.1,71.2
20,41.1,31.2,26.6
10,18.5,35.2,88.6
14,65.7,38.6,69.8
3,74.8,22.0,75.1
4,19.4,39.1,23.7
7,52.2,37.4,35.4
4,77.7,31.0,64.6
5,69.3,21.9,77.0
18,24.9,35.1,52.3
4,31.8,38.4,74.9
4,20.2,30.1,64.8
6,61.3,16.5,86.2
7,45.6,30.4,48.8
1,57.2,36.2,58.4
13,54.8,21.5,39.1
8,75.7,23.8,82.6
1,59.2,28.4,36.8
5,16.3,32.6,69.6
20,27.1,37.9,50.6
7,64.2,28.0,53.4
20,54.3,39.0,86.6
6,33.0,35.5,47.3
3,16.9,19.5,24.0
16,69.4,39.7,87.6
15,79.3,20.3,29.4
4,42.6,35.1,46.0
15,80.0,32.5,38.4
17,79.3,39.3,28.4
8,31.2,35.2,25.1
7,74.4,39.5,74.7
8,28.9,39.0,84.6
2,43.1,39.1,47.6
8,52.9,29.0,41.1
20,45.0,31.9,61.1
6,48.6,28.8,59.2
4,37.6,37.0,44.0
4,45.6,37.2,75.0
1,63.2,23.4,41.3
4,35.7,29.4,61.1
11,15.6,37.5,48.0
12,61.5,34.0,86.6
7,66.7,28.1,36.4
20,60.6,15.6,77.2
7,54.7,35.8,59.2
20,39.4,29.4,39.2
8,41.0,26.1,30.5
1,74.3,32.2,81.2
9,51.1,39.4,61.8
2,42.8,34.8,38.6
17,45.7,34.1,48.2
16,43.9,29.7,79.9
5,79.4,20.6,41.0
13,61.9,19.6,25.8
3,46.4,27.6,21.3
12,54.1,38.0,63.5
19,52.0,15.9,37.8
11,21.0,34.2,41.4
8,59.1,33.0,89.3
2,37.6,20.3,63.4
8,71.2,24.0,33.9
5,71.4,26.5,59.0
14,78.4,30.7,63.1
13,38.5,27.9,62.6
4,43.3,38.9,41.2
1,58.6,23.9,71.4
7,16.3,21.7,84.7
2,54.1,18.0,86.0
2,37.3,29.2,75.0
3,27.4,23.6,43.9
1,41.9,18.6,36.1
11,50.6,35.6,24.4
4,37.2,36.3,50.6
16,72.9,28.0,80.6
16,69.2,27.4,76.1
7,74.1,37.3,83.6
1,39.5,29.2,57.8
10,78.9,29.0,20.8
4,15.8,29.6,88.9
13,78.7,17.6,30.6
1,20.3,36.0,67.9
6,49.0,20.7,49.5
7,46.0,37.7,64.3
6,58.7,27.6,79.9
2,36.3,17.6,25.4
6,75.1,19.6,79.6
8,65.7,19.6,49.0
9,39.7,25.6,25.6
6,17.5,22.4,73.4
8,69.6,34.7,66.6
12,52.5,29.5,64.5
6,65.7,31.2,29.0
6,49.0,26.9,77.1
11,64.9,27.5,49.1
16,63.7,15.8,51.6
2,36.6,37.0,89.8
1,55.2,27.4,49.4
4,39.9,26.8,21.1
8,25.7,19.6,70.1
4,45.6,32.1,57.7
11,30.2,20.5,35.3
8,77.0,32.3,67.8
17,75.8,36.7,27.3
4,21.8,29.9,55.0
17,16.5,16.0,50.1
1,79.0,29.8,30.5
9,65.8,22.9,67.8
7,63.0,35.7,44.7
13,26.7,33.8,75.5
3,29.0,31.7,84.3
7,73.5,39.6,41.2
2,22.3,32.2,33.1
9,25.3,22.8,25.7
2,78.5,35.2,86.2
4,35.7,27.4,45.9
1,28.0,31.5,56.4
7,48.8,20.0,60.5
17,72.9,28.5,66.1
12,47.1,22.7,35.7
1,73.9,28.0,67.1
6,49.1,34.8,23.6
9,47.2,18.9,33.2
10,52.6,26.3,77.0
2,16.8,27.7,22.4
9,68.8,26.0,80.7
7,78.7,38.9,31.9
3,29.5,17.3,25.6
2,63.0,16.9,72.9
5,77.0,16.4,44.7
16,19.3,15.3,87.1
13,61.9,15.2,27.6
7,75.6,21.6,48.4
15,39.3,35.6,58.7
16,29.5,36.2,71.0
13,70.4,22.5,72.3
14,44.2,36.9,75.2
20,70.7,35.3,51.5
15,78.9,27.7,69.0
12,65.4,19.9,54.8
19,79.6,26.4,36.1
7,24.7,33.8,21.8
20,78.4,18.5,75.5
5,66.1,15.6,66.6
8,79.0,37.3,26.2
6,58.5,29.4,65.3
4,61.7,18.4,64.4
20,19.1,16.9,78.6
3,61.9,38.5,46.8
16,34.5,26.5,41.6
19,19.8,32.5,34.1
14,23.2,18.4,41.9
9,69.6,31.3,52.5
9,62.8,35.6,20.3
1,49.0,33.1,84.7
3,48.3,20.7,57.4
13,38.4,33.9,85.7
3,21.7,39.5,68.6
9,39.1,23.2,78.5
6,38.9,22.7,45.1
12,44.9,30.8,53.5
2,73.7,18.2,54.8
3,61.8,33.8,64.6
17,77.8,32.9,69.8
16,33.1,35.6,89.2
7,69.7,15.1,45.3
19,48.0,15.2,22.7
15,33.5,25.9,62.3
19,34.8,33.3,47.1
5,51.3,39.1,76.7
17,74.1,38.1,30.3
1,66.9,21.9,56.1
3,55.1,33.4,38.0
2,58.1,28.7,82.5
2,54.2,25.5,85.3
8,63.2,24.3,40.4
8,29.0,20.9,77.4
20,67.0,20.2,59.3
11,46.3,25.9,50.3
2,34.1,39.5,22.0
16,58.6,15.2,78.4
9,30.4,19.3,21.2
15,53.7,25.4,90.0
7,28.7,31.5,56.4
6,71.1,36.9,75.8
3,30.0,15.7,51.3
9,37.2,38.6,25.6
18,40.6,28.5,66.9
19,60.3,38.1,28.6
10,20.6,37.6,38.2
1,56.3,23.1,37.0
9,63.5,38.4,67.0
8,20.9,38.5,64.9
1,72.7,18.1,73.9
10,29.1,35.8,35.0
6,65.3,30.0,66.7
3,22.0,35.4,78.4
5,51.9,33.5,41.9
9,56.5,35.9,67.8
4,31.0,34.0,48.2
4,76.0,35.5,31.6
2,68.2,37.2,80.2
8,21.7,36.8,25.7
2,70.9,24.7,36.6
7,25.1,26.0,69.6
9,76.0,19.6,24.2
8,27.8,20.1,59.1
8,36.2,22.4,62.2
5,17.2,31.7,56.0
9,59.2,28.7,66.0
2,61.2,18.3,39.1
18,29.0,16.7,78.8
8,23.9,18.5,48.3
7,29.2,25.3,67.3
15,66.9,27.0,32.2
7,78.2,20.5,52.7
9,52.7,37.7,81.7
5,15.6,33.8,20.8
14,52.0,36.1,23.7
3,22.4,19.0,40.7
5,28.2,32.2,53.2
16,35.9,31.6,37.5
6,31.6,19.1,20.7
19,75.5,16.1,62.6
16,18.9,24.7,43.1
2,56.3,19.3,33.2
5,74.6,18.1,33.7
5,61.3,26.8,42.8
19,54.9,20.6,63.6
2,55.3,31.9,23.4
6,35.6,16.1,39.7
5,24.9,29.0,52.2
2,55.4,26.1,20.5
6,41.7,26.5,59.5
1,26.0,36.5,40.8
12,45.0,38.2,69.2
14,76.5,37.6,32.4
9,67.5,37.9,56.7
12,16.4,30.6,57.8
6,22.4,24.5,69.2
2,68.8,20.8,50.5
15,62.1,39.7,25.4
6,65.4,29.3,42.8
8,56.9,25.1,48.8
7,31.1,39.8,89.2
19,32.0,24.3,81.7
20,68.6,17.3,30.5
15,21.8,17.2,85.3
3,57.4,17.7,37.2
16,70.8,37.9,71.2
7,70.6,36.8,53.7
1,35.9,15.3,36.5
14,52.3,29.2,50.2
8,29.6,15.8,36.7
12,51.1,19.4,79.2
8,74.7,27.7,42.1
7,37.0,32.0,50.2
8,73.8,22.2,59.0
3,24.3,16.0,43.8
7,27.4,22.3,68.6
1,65.9,23.0,56.0
4,20.4,21.9,24.7
1,60.7,33.9,84.6
14,21.8,17.1,70.4
17,40.7,15.8,26.4
3,53.9,18.9,36.3
10,58.8,29.6,69.4
9,68.6,38.3,78.9
8,65.4,35.7,34.3
8,57.7,35.7,49.2
1,35.4,20.9,62.0
7,46.6,32.4,72.6
4,73.0,29.8,52.8
13,24.4,39.8,20.3
9,15.9,38.8,80.0
6,23.2,28.3,56.0
9,54.4,25.4,26.2
13,18.9,36.2,39.0
8,21.8,30.0,36.9
2,50.8,30.3,78.8
2,44.3,27.4,25.4
4,73.1,26.9,68.6
19,32.5,36.0,83.7
1,60.4,27.7,72.5
1,18.0,26.5,85.1
17,26.4,36.6,59.7
17,24.8,33.4,22.0
10,78.3,22.7,58.1
13,62.1,32.5,67.4
2,41.6,15.1,89.8
16,36.0,26.4,52.9
13,26.1,22.6,41.9
6,43.1,27.7,83.3
10,63.5,38.7,63.3
9,71.5,38.7,84.2
7,65.7,17.8,50.6
8,66.2,37.3,65.0
6,54.0,27.2,56.2
15,67.9,20.5,34.0
6,69.8,31.3,84.0
20,52.9,32.5,38.8
6,50.8,36.4,66.9
7,70.5,36.5,40.7
10,57.9,24.1,64.8
10,36.6,22.7,31.8
16,39.7,27.0,27.4
8,74.3,26.7,20.9
3,71.2,20.7,66.9
20,49.7,31.3,31.7
7,21.2,30.9,89.4
17,63.1,21.8,69.6
4,44.5,22.7,28.4
2,17.1,28.4,27.3
9,39.7,24.1,21.2
7,50.2,15.5,59.5
17,40.3,16.4,48.1
11,23.0,37.0,72.3
9,40.2,35.2,36.8
5,55.0,16.7,66.6
10,52.4,31.0,60.1
9,65.4,27.8,22.2
1,47.5,17.9,72.4
4,51.8,32.2,82.4
20,64.9,34.5,71.4
4,73.3,21.0,83.9
5,42.8,28.3,64.1
7,70.3,16.1,27.5
8,27.4,19.4,80.3
3,65.1,25.1,35.0
6,65.0,23.1,40.5
3,42.8,22.3,66.6
18,69.7,30.6,46.4
15,40.4,35.8,87.1
6,53.6,21.4,59.7
16,59.1,34.7,43.4
12,71.0,19.2,30.1
5,18.1,25.9,78.4
2,44.7,15.9,58.2
13,33.9,22.9,50.1
2,31.8,29.0,80.0
17,45.7,27.5,81.9
18,72.7,33.1,31.8
13,26.6,39.4,68.4
4,78.3,30.0,29.6
7,54.0,21.7,27.6
20,50.0,20.4,74.6
2,70.0,37.4,34.9
7,45.0,22.0,22.0
3,36.8,16.7,67.0
20,29.6,35.8,45.9
6,79.1,25.5,55.1
6,59.3,28.9,26.4
11,53.7,25.2,84.8
12,19.3,31.2,78.4
9,76.4,38.0,38.9
19,35.7,36.6,68.0
2,36.0,16.1,69.7
1,75.6,34.2,85.5
18,28.4,33.0,74.3
12,36.7,38.3,89.1
5,76.8,19.0,21.6
3,76.7,33.8,77.9
5,37.3,17.4,72.7
5,34.5,26.1,65.2
1,72.2,35.6,69.7
18,32.5,24.7,82.7
6,52.8,25.0,58.0
6,65.7,31.5,71.2
6,27.6,21.0,43.2
5,33.9,28.7,63.5
19,76.0,31.1,72.2
15,36.3,35.3,20.9
18,50.3,16.1,41.0
4,26.6,25.6,56.5
7,68.1,24.8,88.9
14,49.6,37.8,72.5
6,53.9,17.4,61.5
16,78.8,28.5,65.0
17,21.7,33.6,75.0
5,59.5,38.8,44.4
15,34.7,37.7,36.8
17,78.9,27.7,74.0
15,65.4,24.6,89.6
4,64.7,17.8,52.1
2,26.3,26.2,73.7
9,26.5,32.3,72.7
14,78.5,34.9,62.5
14,66.5,24.2,51.2
13,19.1,17.8,44.7
15,18.7,34.5,51.8
2,23.5,27.2,23.5
3,52.9,27.8,87.6
8,22.4,27.7,79.2
10,47.8,36.4,63.4
5,74.2,31.1,33.4
7,20.3,29.6,20.6
4,50.8,27.4,77.2
1,60.2,31.7,58.8
20,65.0,19.2,36.6
3,21.3,19.4,41.4
9,76.6,28.7,63.2
7,38.0,30.5,67.6
19,19.5,33.8,25.4
8,69.3,18.1,72.9
7,20.7,35.3,31.5
16,22.3,33.5,24.5
15,52.0,26.1,40.5
15,65.9,35.5,41.2
11,38.6,19.8,25.8
9,69.4,38.4,58.9
15,51.7,20.3,23.2
11,35.5,37.2,69.3
3,51.0,27.8,37.3
2,42.5,31.5,65.7
7,72.7,24.5,60.6
1,25.0,27.5,77.8
10,34.9,27.9,30.9
11,34.3,18.7,29.5
19,25.8,32.6,74.7
8,73.7,18.9,66.2
4,75.4,24.6,27.2
11,66.0,24.6,67.3
4,61.5,36.2,83.9
12,62.6,19.9,85.3
15,76.5,34.8,73.9
9,31.0,21.4,70.0
15,75.6,36.3,41.1
13,72.1,33.0,30.2
11,69.6,39.0,39.2
16,28.4,15.1,20.3
16,79.2,28.1,23.2
4,65.1,22.1,89.6
13,43.2,31.0,50.6
10,61.3,25.1,30.6
3,77.6,27.2,49.9
5,38.2,17.9,41.9
8,40.1,15.2,77.2
1,74.7,25.1,76.5
7,60.4,39.9,33.3
10,59.5,37.6,78.3
4,58.6,25.8,29.4
18,42.3,24.1,73.4
7,51.9,23.0,43.4
12,24.5,31.4,82.6
1,62.7,24.6,38.0
9,53.0,25.2,42.4
8,41.6,33.8,25.6
1,78.3,18.3,42.8
11,35.8,35.1,30.6
9,27.9,31.4,63.0
17,38.4,23.7,82.9
6,78.4,22.0,44.4
7,52.6,29.3,58.0
8,38.0,38.5,39.0
20,36.3,30.0,67.9
4,32.7,33.9,27.7
11,72.5,18.6,50.7
8,49.8,26.3,30.7
19,35.7,37.7,81.6
6,78.9,32.1,71.5
15,18.3,28.5,61.5
20,49.6,34.8,59.2
12,45.1,21.6,51.2
19,46.3,18.2,72.2
9,54.1,37.0,64.6
12,77.8,34.4,26.5
7,26.5,36.6,48.6
4,72.7,25.8,82.7
16,24.2,27.6,38.1
5,35.0,23.6,23.1
18,32.9,18.9,75.5
9,77.1,24.7,38.5
4,38.7,34.9,67.8
12,71.3,15.3,72.8
5,74.2,28.1,81.3
2,48.4,30.5,74.6
3,42.4,22.3,83.9
1,26.4,25.6,69.4
2,65.6,24.9,79.7
15,41.7,38.4,20.2
8,41.9,20.8,28.7
9,24.9,39.8,36.4
1,44.8,25.5,81.6
4,24.7,26.1,64.6
5,58.0,35.5,36.0
7,75.2,16.8,84.9
9,38.9,27.0,39.2
7,36.1,16.5,52.4
8,74.2,29.0,56.6
5,30.8,33.7,83.2
1,16.3,38.6,28.5
9,18.1,24.5,70.5
14,15.2,25.2,80.5
17,74.4,15.3,48.2
6,62.9,16.9,69.8
18,17.9,18.3,80.0
6,59.4,20.9,39.2
12,74.2,29.9,82.9
3,35.6,37.3,51.9
7,18.3,28.8,62.3
15,61.5,30.0,83.4
15,31.0,31.4,22.0
14,65.9,39.1,47.0
7,30.1,21.8,41.8
7,51.9,15.9,33.5
2,28.3,19.5,46.7
2,57.0,15.2,53.4
6,48.8,29.6,77.3
3,61.5,28.2,26.1
1,66.6,33.0,53.2
18,50.5,18.1,49.1
2,68.5,37.7,88.3
10,61.0,30.7,21.6
8,55.0,33.2,68.3
2,25.1,26.9,63.0
9,78.2,20.8,76.0
11,72.8,22.5,63.9
15,21.5,21.9,54.3
8,32.6,35.2,76.9
3,46.3,39.0,28.7
20,43.8,38.9,43.7
14,45.3,35.7,34.7
17,24.7,32.7,66.0
6,53.1,32.3,31.6
16,27.0,39.6,25.5
17,62.2,38.0,42.2
11,72.3,30.2,36.8
13,20.2,17.2,57.6
15,27.6,23.8,44.0
17,24.2,21.1,65.1
12,35.1,23.6,32.1
8,63.6,17.5,72.0
16,25.2,27.9,49.3
10,65.9,24.7,55.3
5,74.1,19.9,55.6
9,63.9,18.6,39.5
8,20.1,30.0,29.3
16,19.3,22.4,23.3
14,62.5,15.5,56.0
4,29.6,27.5,34.4
3,36.7,20.7,31.6
2,34.0,17.5,66.4
11,59.2,35.9,85.8
18,21.3,18.6,25.5
17,54.9,39.2,61.1
5,78.9,31.9,53.6
18,49.2,28.1,44.2
3,50.2,22.3,42.0
8,20.8,33.4,63.9
18,61.9,37.3,48.9
9,27.5,35.8,81.3
10,45.4,38.9,40.4
5,69.2,15.5,35.4
8,18.3,25.2,63.4
1,71.9,37.5,50.1
17,53.3,36.2,89.8
5,40.2,17.9,88.5
5,40.9,36.7,60.6
8,50.4,29.5,59.5
4,16.9,20.2,27.6
11,19.7,18.1,43.3
1,29.2,36.7,78.5
14,23.7,28.1,65.7
20,64.8,16.4,20.5
6,18.4,22.6,75.2
9,26.4,32.6,33.8
8,76.9,32.4,38.0
10,67.8,23.5,40.2
3,63.2,17.1,40.6
4,36.2,19.0,70.4
10,76.1,29.0,63.1
5,39.2,32.5,70.5
1,57.9,28.8,75.8
7,56.5,16.8,39.1
9,77.6,18.5,32.6
6,33.8,22.6,45.6
3,48.1,38.7,65.4
17,20.5,26.1,64.5
4,39.5,33.0,36.1
4,43.4,27.1,43.1
4,15.8,26.0,54.8
5,53.5,20.9,76.8
8,73.6,30.1,44.4
19,49.2,17.1,25.2
4,45.3,26.0,80.8
6,51.6,20.2,58.6
19,53.8,29.0,76.6
7,33.5,29.3,53.8
13,50.5,31.0,82.4
20,77.2,25.4,34.6
12,27.5,20.5,24.1
2,30.0,36.4,53.6
4,43.5,23.9,89.3
8,69.5,32.1,37.9
3,29.0,29.7,30.8
6,66.6,15.5,36.4
9,24.4,21.1,63.4
8,52.2,17.1,51.0
3,17.1,24.1,39.3
3,64.4,18.0,28.3
5,31.4,36.1,85.6
2,35.5,15.6,52.3
6,55.9,17.2,24.2
18,15.4,19.1,89.6
5,25.4,34.1,27.2
11,44.6,23.8,60.0
10,56.4,34.4,59.6
1,29.6,19.3,34.1
14,15.6,21.6,82.2
8,68.9,36.9,38.4
3,18.4,25.0,88.6
4,19.7,32.7,47.1
3,17.0,34.8,26.6
6,47.1,35.0,66.1
6,55.2,31.2,49.0
9,49.0,38.0,60.1
13,76.9,17.6,85.3
20,56.2,18.5,42.8
9,34.5,23.6,54.7
16,46.9,20.4,35.2
19,34.9,27.0,49.1
5,33.4,19.4,36.8
11,60.2,22.2,84.9
5,33.4,20.9,39.3
4,38.0,24.6,22.8
5,58.5,31.0,69.5
13,78.3,29.4,45.4
6,52.1,17.0,63.4
5,30.2,19.1,87.0
17,43.3,24.6,59.1
18,44.1,27.7,23.5
9,54.7,31.6,88.9
8,19.0,26.8,44.7
18,50.2,36.0,32.9
5,71.6,24.3,67.5
2,47.7,34.7,84.2
19,51.4,24.9,87.1
8,32.0,15.3,70.7
6,74.6,26.9,57.9
5,77.3,26.1,64.7
14,21.0,26.3,72.7
6,23.8,27.1,40.7
4,67.2,32.1,65.0
18,29.8,34.6,81.0
16,37.0,34.5,73.3
14,16.5,21.3,63.9
7,55.2,25.7,46.2
5,32.7,17.2,72.3
7,42.6,38.6,20.6
3,18.4,25.0,59.5
19,72.7,39.6,47.9
1,49.2,39.6,52.2
3,60.2,36.4,48.9
2,24.3,22.0,73.1
12,64.4,27.1,21.4
3,28.0,22.7,42.2
16,70.3,38.4,50.4
19,29.3,39.0,89.3
15,75.1,18.0,63.2
17,68.3,31.8,28.5
20,68.5,19.4,71.7
2,69.9,22.9,21.7
17,75.0,24.2,86.3
4,41.8,23.9,33.7
3,58.9,25.7,21.7
13,77.2,31.2,53.1
11,30.6,30.9,34.6
15,55.0,23.8,71.5
9,49.7,15.3,72.8
2,70.8,35.0,87.5
16,40.6,29.3,30.0
10,75.5,28.5,78.3
3,50.4,18.8,31.8
4,28.7,29.2,23.5
7,59.5,30.9,86.8
15,15.4,23.4,33.6
8,67.6,23.7,38.7
19,52.2,22.5,89.1
4,65.2,17.0,26.3
7,35.5,26.3,53.5
8,15.1,15.3,67.9
9,28.2,16.2,50.3
11,67.1,38.7,89.2
2,34.6,26.6,43.7
17,33.6,29.9,40.8
5,71.5,22.4,52.2
4,75.1,23.7,46.0
16,56.4,21.3,49.6
10,74.1,24.7,49.2
6,20.7,39.0,71.4
14,46.3,23.7,22.9
3,29.9,39.6,58.7
9,56.1,24.4,69.8
5,75.0,26.5,62.2
16,79.3,26.7,71.9
17,20.3,27.9,30.5
4,16.7,33.4,87.2
1,41.9,35.6,32.1
6,40.5,23.2,27.1
6,67.7,22.1,33.4
2,41.9,35.5,32.2
17,54.6,29.7,36.2
10,60.6,31.3,48.1
3,59.8,25.6,79.5
20,31.7,15.6,70.8
6,36.9,20.2,74.7
12,64.6,31.1,85.4
9,71.9,20.5,30.9
4,50.9,35.5,86.1
18,42.9,15.8,37.1
5,24.3,16.7,88.7
6,72.1,20.2,44.9
7,53.7,36.5,20.7
5,62.5,39.9,20.8
7,50.4,36.6,82.0
11,29.0,34.9,70.7
2,25.5,34.4,61.9
12,21.3,15.1,63.6
4,33.2,23.3,75.3
19,56.9,36.5,24.4
18,36.8,31.3,37.0
13,74.0,26.1,70.0
18,34.3,25.9,62.9
4,20.0,29.2,46.6
4,63.5,19.6,86.9
1,54.9,28.0,43.7
6,60.5,31.2,89.5
13,19.1,25.1,73.2
5,31.5,29.2,89.0
8,37.6,16.0,75.4
4,30.1,30.9,87.0
1,60.4,19.8,60.5
5,28.5,26.3,22.6
10,41.5,15.8,28.9
8,78.9,26.6,32.6
3,33.5,23.7,63.8
19,20.3,15.8,64.7
5,54.5,19.9,78.2
2,62.6,17.0,33.8
6,75.9,20.3,69.2
11,18.7,39.5,84.5
5,49.6,34.7,77.6
17,66.6,27.0,71.0
19,17.9,16.6,20.8
5,54.6,29.3,30.9
16,20.8,23.6,33.7
14,56.4,22.9,30.1
9,76.0,18.8,89.6
5,65.6,32.8,72.9
1,51.5,21.3,83.3
2,21.5,22.8,52.7
16,73.0,37.8,50.8
5,40.0,23.4,64.5
17,59.2,23.6,61.7
12,65.5,16.9,53.7
18,69.1,19.3,37.6
13,48.6,29.4,22.6
4,35.6,19.1,77.2
8,77.6,23.4,66.3
1,21.2,24.4,62.0
14,25.2,17.6,46.2
5,62.2,16.7,23.5
4,29.7,21.6,49.0
11,70.9,16.8,74.0
8,61.6,26.7,59.3
10,59.8,38.8,59.6
3,25.2,29.0,73.2
9,54.6,17.7,25.7
6,47.2,29.6,47.7
17,15.5,22.1,42.4
12,53.0,29.7,40.8
7,62.5,20.1,53.2
6,61.7,32.9,61.6
6,47.6,19.5,78.4
8,57.7,26.1,20.4
7,20.0,17.7,25.1
7,62.0,28.1,51.8
5,34.8,23.6,83.3
7,42.0,16.2,53.5
2,50.6,34.0,27.1
6,76.1,36.3,49.3
15,52.3,35.2,59.8
9,21.5,27.8,72.5
14,72.0,20.9,65.7
3,70.7,22.4,21.7
7,16.0,33.1,24.0
6,65.4,30.3,74.0
7,71.1,23.2,87.3
1,35.5,38.1,32.1
3,66.4,26.7,59.8
2,15.1,15.6,67.6
19,29.2,28.7,23.3
5,27.7,37.6,36.4
5,58.8,29.2,46.5
7,74.2,16.2,54.4
13,56.9,24.7,27.4
10,19.2,32.3,34.6
8,69.3,28.2,26.9
14,15.1,35.6,45.7
11,39.0,31.6,56.6
18,19.1,31.6,51.3
11,72.6,37.4,56.7
7,41.9,32.6,83.5
20,62.3,21.5,63.4
2,65.4,22.7,62.8
8,79.2,24.6,38.3
13,22.5,22.0,27.5
2,31.3,17.6,83.2
13,18.7,32.9,73.7
6,75.2,23.6,83.7
8,40.7,16.0,85.0
2,20.1,27.6,56.1
9,66.8,29.6,77.0
14,28.5,38.2,55.5
4,18.9,29.8,71.5
12,24.0,31.5,49.8
13,31.9,38.0,61.9
8,31.4,30.7,84.8
14,41.9,33.6,53.1
7,61.3,21.4,73.4
2,29.4,20.2,40.6
10,18.6,20.6,61.1
3,56.7,33.2,44.6
5,30.8,22.4,73.5
1,42.9,36.1,56.4
15,26.1,27.3,34.6
8,54.9,30.4,70.1
9,46.5,23.9,59.5
6,40.2,25.7,64.1
5,69.4,38.3,82.2
6,59.2,37.2,53.0
5,45.0,26.7,47.0
3,50.8,20.7,25.7
6,20.5,32.6,76.0
8,53.9,33.9,62.7
4,66.1,31.8,33.3
11,42.5,20.4,80.6
18,72.5,26.1,35.6
2,70.5,32.7,54.6
7,59.7,24.2,39.2
17,72.8,22.6,62.2
7,32.0,27.1,52.8
1,72.2,28.3,85.5
6,64.5,19.6,62.2
9,68.0,30.6,23.9
4,58.7,21.4,57.3
2,42.3,37.6,83.3
5,65.3,39.8,35.6
18,28.1,27.8,60.4
8,62.7,26.7,75.4
2,33.4,31.0,42.2
20,57.2,24.3,22.7
3,21.4,22.9,56.9
6,76.2,36.3,26.3
20,24.0,35.6,79.0
2,75.2,19.9,35.7
2,35.8,17.8,37.0
12,49.3,39.8,58.7
15,63.4,20.7,41.8
2,33.1,32.1,76.5
8,68.4,30.0,74.8
3,77.0,30.6,87.1
8,67.3,22.9,29.6
7,31.4,38.3,59.2
15,17.9,22.7,44.0
3,77.6,23.4,23.8
9,75.0,18.7,67.0
5,36.4,28.6,21.4
9,36.9,26.5,53.4
9,36.9,24.6,68.8
12,22.8,38.2,29.3
4,20.2,28.9,51.2
1,34.0,18.6,82.3
3,40.3,26.5,51.4
3,79.0,28.1,79.7
2,46.5,18.1,26.9
17,15.1,18.2,60.1
2,32.0,29.5,20.3
9,25.0,32.0,44.3
19,51.6,22.9,20.5
1,16.6,17.8,69.1
12,57.9,25.1,27.3
2,37.4,19.6,57.8
9,51.3,23.0,25.9
20,40.9,35.5,45.2
14,19.5,21.6,54.0
10,63.6,35.0,50.8
12,17.1,39.6,87.2
7,49.9,28.0,29.6
6,55.4,36.6,33.9
11,79.5,18.8,70.9
9,25.0,21.9,57.4
2,25.4,38.7,74.1
5,50.7,34.3,44.5
8,61.4,37.4,50.6
19,35.8,21.1,65.4
7,25.8,28.0,35.0
3,52.7,24.5,66.5
19,18.1,21.0,64.9
2,77.3,25.7,22.4
19,70.5,37.1,67.2
18,71.4,23.2,67.3
5,65.8,31.3,23.7
2,47.6,21.6,79.5
9,48.1,36.5,57.7
1,59.9,21.7,78.4
1,45.8,19.6,45.7
8,35.8,36.5,50.1
9,16.8,26.6,23.7
16,54.0,18.2,33.7
8,64.6,22.3,39.8
16,25.3,20.3,33.5
8,16.6,19.8,38.7
7,66.6,36.1,57.9
20,55.3,39.4,21.2
8,23.4,23.7,21.9
1,66.3,25.4,68.0
9,78.6,32.2,33.1
20,59.6,31.2,26.3
7,65.7,15.5,22.1
12,49.9,35.6,78.1
14,30.7,36.0,57.4
9,48.9,30.1,42.1
4,46.9,19.4,38.4
12,52.0,36.5,71.4
2,50.9,35.4,29.9
6,35.3,31.7,46.2
6,35.2,22.9,72.6
11,38.2,35.3,69.6
1,51.8,36.5,20.0
3,73.3,33.7,78.4
16,34.2,23.1,74.4
10,77.0,26.1,33.1
7,31.9,19.6,58.7
18,60.6,37.0,41.9
19,68.3,24.7,28.2
18,79.2,30.6,35.1
6,30.1,32.9,58.9
15,19.6,27.2,87.4
19,27.3,26.0,81.3
10,15.6,28.2,79.7
20,31.7,35.0,43.1
5,62.0,25.3,30.2
7,35.7,27.7,52.6
1,53.5,30.9,53.5
1,43.7,36.7,34.2
4,18.0,24.2,76.9
2,63.9,36.0,30.8
2,31.2,37.0,57.7
5,31.0,37.9,20.3
20,17.8,21.7,44.3
18,74.2,34.4,34.5
12,25.3,33.2,74.9
19,39.7,19.4,70.9
12,67.4,36.7,56.4
9,66.4,36.0,77.5
6,52.6,35.9,42.8
15,39.8,30.5,22.0
5,34.6,18.3,74.3
8,57.2,19.6,37.6
2,20.2,20.5,25.1
2,68.9,37.9,64.1
6,63.6,29.7,48.7
11,69.4,33.9,63.7
7,73.0,18.7,30.0
19,22.1,19.8,61.8
2,35.3,15.2,51.6
16,31.7,20.7,80.3
8,27.2,21.8,53.2
14,49.9,28.8,83.0
6,50.7,20.5,40.6
4,52.7,36.9,47.7
2,53.8,35.1,85.9
2,34.4,30.4,78.0
16,28.1,20.7,48.1
19,15.1,36.9,23.8
9,22.4,32.0,59.4
4,24.6,35.5,56.6
20,31.4,26.9,66.4
19,37.8,24.4,48.0
5,60.3,24.8,74.3
7,66.6,24.1,28.0
3,29.5,21.9,70.4
3,18.4,37.1,73.4
13,24.7,29.7,78.9
7,75.0,29.9,38.0
18,74.5,17.6,78.0
18,22.7,33.0,28.5
6,58.0,26.9,88.7
5,33.7,19.4,62.4
14,23.0,18.2,58.9
16,58.5,26.8,51.3
1,30.2,15.4,41.5
16,79.1,29.8,44.0
8,55.9,22.2,20.1
1,25.7,22.0,34.1
9,70.9,22.8,78.2
6,37.2,30.2,71.5
4,53.2,37.3,68.9
6,78.9,18.6,61.2
11,22.1,18.9,40.4
4,40.0,17.5,71.3
14,16.8,35.3,32.3
3,52.1,31.4,56.1
10,77.5,38.6,33.8
17,45.0,29.7,73.5
15,52.9,31.2,57.2
17,70.6,34.1,56.1
3,68.8,24.8,49.7
5,36.0,29.9,29.4
13,55.8,36.9,53.4
19,43.2,30.3,78.1
9,66.8,30.5,87.4
8,52.6,34.8,65.2
4,49.3,29.4,62.5
10,30.0,21.6,88.5
14,50.2,17.5,83.6
9,39.7,34.6,24.0
9,67.0,34.1,66.6
4,24.3,37.9,88.1
13,28.9,37.6,47.9
12,64.0,27.9,41.3
3,58.7,21.4,24.5
13,67.7,38.3,67.0
3,48.9,35.2,31.2
18,74.2,27.5,21.6
8,34.5,16.3,65.2
8,79.2,28.1,30.3
14,54.2,36.2,33.1
1,64.1,16.0,70.5
3,74.0,30.6,52.0
15,50.1,30.5,76.8
4,44.5,17.7,54.2
10,31.9,34.4,51.5
17,79.7,21.9,78.9
11,25.9,34.7,87.9
5,39.3,38.1,89.7
2,73.2,28.3,50.5
14,55.7,39.6,60.9
18,15.6,24.8,73.8
1,17.9,15.1,53.8
4,21.6,31.5,79.9
7,20.4,21.7,43.7
5,32.5,21.9,79.0
8,34.2,19.2,36.1
2,53.1,35.0,54.9
5,72.7,26.4,80.5
4,64.4,16.8,48.0
9,56.3,39.2,47.7
20,26.0,37.6,21.0
2,71.4,32.5,20.8
12,39.9,40.0,34.9
9,65.4,27.8,70.2
5,59.9,23.9,71.0
4,72.7,28.5,30.4
3,46.1,30.5,45.2
9,75.2,20.8,35.6
2,53.1,32.4,85.4
9,73.1,32.1,55.8
14,37.3,15.6,62.6
7,18.4,39.2,26.5
16,21.5,24.9,87.1
11,37.2,34.2,72.4
6,75.0,28.3,41.8
17,57.2,22.1,29.4
5,53.1,35.8,80.8
7,39.0,35.1,62.0
1,51.6,32.9,51.2
6,71.1,26.0,71.8
7,52.9,23.6,32.7
2,54.3,33.0,28.5
9,35.2,34.2,39.4
8,19.7,38.6,57.6
15,18.3,23.4,87.2
16,79.9,25.5,77.9
2,47.1,34.7,53.7
9,47.1,16.8,37.9
4,78.3,31.0,73.3
17,67.9,29.7,37.9
2,61.2,31.6,45.2
18,57.0,25.9,89.2
16,16.1,26.2,41.9
19,41.2,33.4,26.4
16,49.0,23.9,85.0
19,40.6,23.7,49.9
12,48.6,20.2,29.9
4,32.3,25.3,89.3
6,79.1,37.2,65.1
16,52.3,39.5,65.5
19,36.8,21.4,50.7
9,27.1,21.2,26.7
8,62.4,29.0,79.1
8,54.7,26.9,69.8
10,45.1,15.6,23.4
5,44.9,28.2,71.0
11,62.2,16.2,37.1
12,57.3,39.4,49.8
16,15.3,23.2,27.6
7,74.0,38.3,50.4
7,45.2,28.8,37.7
6,47.5,17.9,49.9
18,38.8,36.3,61.2
8,23.8,26.0,67.3
8,58.4,40.0,42.1
10,24.1,30.3,84.2
8,50.9,33.3,43.4
16,69.4,17.5,62.8
4,35.8,30.6,44.0
12,37.5,39.6,54.1
4,31.9,23.4,77.3
3,15.8,37.7,87.5
6,65.6,25.3,45.2
20,38.4,20.6,82.2
2,61.5,28.6,61.6
4,30.8,37.1,84.7
12,72.9,24.1,84.9
4,71.2,15.9,86.1
5,52.6,27.3,81.3
8,28.0,30.3,33.1
1,30.2,21.3,52.7
4,78.7,18.0,82.0
4,24.0,32.0,20.9
16,36.9,18.0,23.3
5,44.1,32.7,37.5
6,27.3,33.2,53.2
1,49.3,20.8,46.5
5,67.1,29.8,34.0
13,32.9,33.4,81.7
1,49.3,21.8,84.8
5,47.5,31.4,38.1
14,52.3,36.8,60.8
19,31.9,32.1,38.0
17,48.7,30.5,29.4
12,35.6,23.5,87.5
6,60.4,18.6,62.7
5,32.6,18.0,44.8
5,36.3,21.8,48.3
7,47.6,20.7,22.7
2,22.4,20.5,86.9
13,50.1,28.5,64.7
7,34.7,17.6,71.6
3,75.0,38.0,39.4
3,18.0,37.7,69.7
1,40.0,33.0,87.8
1,69.1,34.3,53.5
18,50.5,25.6,78.4
17,74.7,36.2,23.7
3,74.0,24.1,26.1
9,78.3,26.2,59.1
17,62.7,34.8,22.6
6,38.2,32.3,48.7
6,54.7,39.4,85.8
7,37.3,24.4,74.0
4,60.1,20.1,23.5
6,66.1,34.9,30.9
10,61.2,36.0,35.9
1,68.5,19.7,32.4
6,58.6,36.7,67.3
7,22.6,26.3,83.1
13,20.5,31.8,81.5
9,23.9,21.7,33.5
12,50.9,22.6,63.7
12,47.8,31.8,48.8
3,20.8,20.6,31.7
19,35.0,38.2,53.1
5,74.3,15.6,33.5
17,27.8,39.3,52.4
16,58.4,33.9,48.1
6,67.7,21.7,22.2
6,28.3,37.2,62.1
3,68.3,18.8,38.2
9,76.8,15.6,65.6
8,63.5,26.2,28.3
7,71.2,16.0,22.3
4,17.9,16.0,77.6
12,70.7,36.8,83.6
5,45.5,21.3,47.8
5,69.8,15.5,48.4
3,31.4,40.0,32.7
10,15.2,31.8,56.1
11,50.9,19.1,31.8
8,52.2,16.7,76.6
13,54.2,36.2,48.9
20,44.2,34.1,88.4
8,34.0,34.3,74.9
4,50.4,32.7,42.5
2,53.2,18.1,44.2
9,72.0,29.7,82.3
20,56.2,30.0,41.2
3,59.0,36.5,86.8
2,27.6,15.7,81.7
1,24.4,31.6,56.3
20,53.4,32.9,69.0
1,66.8,35.2,28.9
20,61.8,38.7,61.7
7,65.1,34.9,76.6
13,57.2,19.5,73.2
4,36.0,18.2,21.2
7,70.1,17.7,67.3
9,33.6,37.8,79.1
15,63.8,29.3,36.8
2,71.8,38.1,22.5
17,79.7,20.7,41.9
1,28.9,27.7,21.1
9,78.3,31.2,39.8
15,61.7,39.8,68.1
6,18.2,21.9,27.9
1,79.9,31.3,33.3
3,64.6,27.4,58.3
3,20.0,22.3,63.5
1,66.2,19.7,27.2
2,75.4,15.6,28.4
2,61.3,24.2,41.9
7,20.6,19.1,30.8
17,54.8,15.0,60.7
11,22.6,34.0,80.0
3,44.0,36.1,47.1
7,55.9,28.6,58.0
17,72.6,37.5,86.7
5,28.6,17.7,25.3
7,57.7,31.6,27.6
14,19.8,34.7,80.4
1,28.7,36.3,55.0
9,41.5,36.3,32.5
2,75.2,37.8,54.6
3,34.0,16.0,72.5
2,74.0,37.8,68.1
4,68.0,39.3,86.2
5,20.0,37.1,28.8
20,56.9,17.4,84.9
1,77.6,21.7,74.2
18,73.4,17.1,35.7
13,19.2,33.3,31.5
19,60.9,22.8,77.0
16,40.2,36.9,60.9
2,18.1,15.8,86.3
1,73.0,34.8,61.5
4,41.6,21.3,76.6
10,49.6,37.9,37.2
4,69.3,35.7,26.5
8,67.8,27.3,64.1
10,44.9,20.6,23.0
4,57.1,15.7,50.7
14,79.1,34.2,80.7
3,77.8,15.9,40.2
5,29.1,35.9,78.9
2,44.9,24.3,39.5
4,55.1,19.3,23.4
9,45.0,16.0,52.9
12,27.6,20.8,30.1
9,71.6,39.0,69.1
20,78.0,23.8,32.9
3,65.6,16.7,50.1
3,44.8,36.6,60.7
6,37.9,34.0,55.6
19,61.4,23.5,51.7
1,70.1,25.7,45.4
3,45.9,22.3,31.4
2,53.8,16.7,68.3
2,29.2,27.8,21.1
15,36.4,19.2,82.4
7,63.8,28.2,79.3
19,72.0,27.0,45.2
3,18.5,37.8,22.7
4,56.5,18.0,76.0
15,37.8,19.4,48.2
18,20.5,24.9,88.0
6,55.4,28.0,67.7
19,40.1,27.3,29.9
17,55.6,27.5,54.3
4,67.6,34.3,42.9
9,45.4,39.1,23.6
5,15.3,23.4,42.8
18,43.1,20.2,25.7
9,44.3,20.4,87.6
6,25.4,27.3,52.9
6,57.2,33.7,37.4
12,38.6,33.4,56.4
19,70.9,34.6,20.5
2,16.7,36.9,56.2
1,58.3,18.0,55.9
5,67.1,23.7,37.6
17,49.2,38.8,36.0
6,43.7,24.7,86.7
11,32.5,31.7,24.8
11,26.6,16.1,73.6
12,79.8,38.6,21.1
8,39.2,16.9,28.4
9,43.0,28.3,23.0
1,44.2,33.0,64.4
16,48.7,21.4,83.6
1,38.3,25.5,76.6
1,78.5,36.5,34.1
18,77.5,29.1,41.1
20,15.6,19.8,22.8
14,23.4,23.8,46.0
12,36.1,16.7,25.0
11,69.2,19.6,77.3
12,70.3,16.8,41.8
17,66.7,19.4,81.8
20,67.0,33.8,72.3
15,19.4,16.9,82.0
18,59.0,21.3,49.7
4,25.2,24.4,46.6
13,55.9,16.2,63.1
10,43.5,17.0,72.5
8,74.7,21.1,23.0
6,75.1,20.2,32.5
18,78.0,31.6,86.6
8,41.8,38.2,83.1
2,53.4,34.8,67.0
13,35.7,36.4,67.4
14,79.0,28.8,78.9
6,40.7,30.9,85.0
16,38.1,17.4,74.6
17,72.5,24.6,68.8
13,24.8,23.8,32.7
12,57.0,31.6,40.4
2,63.1,28.5,52.5
3,17.7,30.6,37.6
10,42.0,28.0,84.0
10,67.1,27.8,41.4
11,31.4,15.2,27.3
1,41.6,27.4,79.9
5,50.3,39.1,32.8
16,25.1,39.8,25.0
10,64.5,21.3,52.0
1,79.8,27.1,50.4
15,66.2,24.1,61.0
16,40.2,18.9,27.2
7,39.2,33.1,76.9
18,40.3,15.3,31.3
1,25.1,21.2,38.8
1,69.8,25.5,26.7
12,64.6,20.1,54.8
12,38.6,20.1,74.9
3,38.5,39.9,47.6
5,71.8,30.0,33.9
7,44.1,31.6,85.0
17,21.1,36.4,76.2
6,68.2,38.6,65.1
14,32.1,35.2,89.5
3,72.1,35.3,65.1
6,43.0,35.3,81.3
2,47.7,16.6,61.9
7,51.4,22.0,69.3
13,43.6,22.0,35.8
8,69.1,31.2,51.5
3,79.4,29.2,27.6
1,43.2,37.4,67.7
3,24.8,24.1,54.7
13,71.8,33.5,73.7
19,51.7,24.3,38.1
18,16.8,39.4,49.9
6,75.2,26.7,36.1
2,67.7,38.0,87.7
5,38.1,32.2,59.8
6,65.5,31.3,36.9
14,27.9,28.8,27.0
16,42.8,25.5,87.4
5,45.5,39.8,65.5
7,20.6,23.2,25.5
8,69.2,19.4,48.8
17,43.9,28.6,35.7
18,32.9,16.7,78.2
10,39.8,25.6,81.7
16,72.1,23.4,79.2
2,63.7,39.8,72.2
12,47.0,21.5,29.4
7,33.0,35.2,57.2
9,15.1,22.1,39.6
5,65.5,20.4,43.5
17,71.6,32.9,77.3
5,61.1,36.7,72.0
1,60.3,30.5,87.7
9,59.7,36.1,81.7
2,46.3,20.4,71.3
9,50.0,39.8,44.7
10,66.6,21.8,63.3
3,67.6,36.8,46.0
19,57.3,36.3,23.9
8,74.7,29.6,71.7
10,74.5,26.5,54.7
10,24.5,21.0,22.9
2,24.0,35.5,55.7
5,36.3,37.2,21.5
5,36.6,29.4,32.8
11,17.6,39.2,33.2
14,32.4,28.7,20.1
20,53.4,28.4,42.4
4,40.7,24.1,75.2
20,74.5,31.3,43.9
5,25.1,19.1,86.7
16,53.6,26.9,78.6
20,22.6,31.7,26.7
8,31.4,36.9,53.1
16,39.6,21.8,59.2
17,65.5,15.9,26.6
16,76.3,32.5,50.5
3,60.6,32.4,26.8
19,49.4,29.8,49.8
3,17.6,27.3,22.1
7,34.3,38.9,50.3
17,20.2,38.2,85.8
11,28.1,30.1,51.6
20,20.3,26.6,28.7
2,57.4,22.2,56.9
1,34.3,23.7,33.0
20,55.9,33.3,72.9
5,15.2,22.2,24.6
17,77.1,17.9,89.4
4,72.8,29.6,56.9
19,38.1,17.2,50.1
8,38.9,38.2,32.6
3,50.8,28.2,53.0
2,25.3,24.4,89.5
7,40.0,27.2,50.2
7,59.1,18.7,42.9
4,52.9,31.4,61.6
3,38.0,18.8,71.5
17,48.2,26.8,63.4
4,29.8,15.3,89.6
9,75.5,24.0,22.7
1,72.8,30.1,21.8
1,42.6,30.8,73.9
6,17.2,27.0,21.6
2,78.1,35.9,33.8
9,61.1,20.9,42.2
12,19.4,39.5,73.4
5,63.6,28.4,25.3
4,72.4,33.4,51.6
17,24.8,35.1,68.2
5,31.1,20.4,74.8
13,74.0,30.1,25.8
17,62.9,15.6,65.9
2,30.6,23.7,66.5
6,28.8,17.2,30.4
9,22.8,16.4,46.9
19,50.7,18.1,27.4
7,24.4,36.8,49.4
7,54.6,32.3,26.9
18,22.2,28.3,79.7
2,60.5,16.9,27.2
3,47.0,27.0,41.2
5,23.6,30.6,46.2
15,34.4,21.5,25.0
16,52.8,29.2,89.7
8,74.9,18.2,34.3
8,56.4,16.8,20.2
15,20.6,20.2,44.8
5,33.4,24.1,54.7
3,64.9,17.1,39.9
3,29.1,21.1,70.6
1,59.7,27.1,61.9
7,34.2,36.7,22.1
18,64.3,19.6,57.8
20,30.4,25.4,45.7
6,32.0,32.6,57.9
8,16.6,21.0,26.6
4,59.0,33.5,57.7
4,74.0,32.8,38.1
16,69.6,22.5,85.3
13,48.7,21.5,72.5
5,48.1,16.9,88.0
9,71.6,23.3,48.6
3,31.9,39.1,56.7
19,71.9,32.5,40.9
1,17.6,35.5,66.3
18,36.6,28.8,21.5
2,78.1,18.4,66.2
8,29.3,27.3,55.1
10,42.9,34.9,26.8
7,55.9,32.2,88.3
3,65.0,27.0,85.2
4,53.7,21.6,69.0
15,32.5,22.7,58.5
8,22.2,15.6,76.9
4,52.4,15.2,25.3
6,73.4,30.7,80.6
12,62.4,30.9,43.8
2,64.7,27.8,53.3
9,32.8,16.6,32.1
5,39.3,15.8,46.9
6,62.5,19.7,78.2
4,23.9,22.7,71.2
16,48.5,31.4,85.5
2,26.9,34.1,34.8
1,47.6,26.1,27.4
19,22.6,39.7,59.2
4,31.5,16.0,58.8
3,62.9,18.4,48.1
4,16.5,27.1,27.1
17,72.8,25.0,30.7
8,58.8,37.1,48.5
14,17.1,33.6,69.3
3,79.2,34.2,68.5
4,18.3,24.3,80.9
15,44.5,20.2,75.6
17,63.0,27.7,72.0
15,78.8,24.4,62.2
19,62.4,17.1,45.5
7,73.3,19.0,59.8
20,22.8,17.9,57.7
5,18.3,26.7,34.9
7,35.4,32.4,27.3
1,18.1,18.3,26.5
20,62.3,19.9,44.1
13,54.6,39.6,58.3
13,37.6,22.3,43.2
15,30.9,25.4,80.8
3,22.8,19.4,71.3
19,63.1,22.0,33.4
4,25.4,17.1,55.1
10,40.2,20.7,61.6
8,19.4,25.8,30.9
17,31.8,36.6,22.4
20,69.8,18.8,31.8
2,72.6,36.5,71.1
20,55.2,15.5,32.3
17,76.8,20.3,76.3
17,37.0,24.7,54.8
8,46.3,32.2,22.7
17,32.2,39.3,23.6
4,68.3,21.7,66.8
18,68.9,17.7,29.9
8,57.9,21.7,72.2
1,68.3,23.4,56.5
5,40.2,23.1,40.0
12,56.4,28.1,27.4
10,66.4,15.1,73.5
7,16.4,29.6,60.0
4,25.3,21.5,48.9
9,65.2,34.7,71.5
2,17.7,30.9,82.5
7,36.1,21.5,32.5
11,47.0,28.9,48.4
12,70.5,16.3,63.9
20,62.2,35.4,26.0
9,59.4,36.9,24.3
6,27.1,34.2,25.1
13,72.7,20.8,55.4
11,62.1,23.5,43.5
6,36.2,15.4,53.2
5,69.0,39.1,26.1
11,57.8,15.8,48.7
15,67.2,25.9,82.4
4,25.4,15.1,87.6
7,74.2,18.4,49.6
14,75.8,28.5,68.6
1,46.7,38.6,64.9
13,30.1,36.0,54.3
11,52.6,39.3,68.2
5,57.8,15.6,66.1
12,21.8,25.1,88.7
2,64.2,39.7,53.3
18,25.8,35.8,71.8
10,41.0,33.0,63.4
3,71.2,29.6,61.5
6,15.7,24.9,77.7
18,52.9,28.2,60.5
4,23.1,15.9,57.9
20,43.6,18.2,60.1
8,63.5,32.8,27.9
17,71.7,39.5,79.4
9,62.4,16.0,37.7
2,48.4,18.0,57.3
8,64.3,26.1,27.4
2,24.3,19.3,85.4
20,43.5,37.2,60.3
17,38.7,35.4,75.7
3,21.7,37.3,79.8
13,41.9,37.9,75.6
19,15.3,17.2,47.2
19,78.4,15.9,68.4
1,64.6,23.2,82.8
16,42.0,23.8,34.7
8,75.4,31.8,38.6
7,43.5,39.5,69.8
3,64.6,27.6,86.6
20,42.6,16.0,77.4
10,31.9,24.1,37.6
10,24.9,39.5,79.0
1,22.7,23.3,75.8
1,19.2,34.5,21.3
11,78.0,15.8,46.0
8,60.0,33.4,31.6
14,50.9,32.4,49.8
20,60.2,17.8,77.2
19,52.6,18.1,55.1
8,78.5,35.8,35.3
7,78.2,16.3,29.9
16,33.4,23.8,67.8
16,61.4,32.0,81.1
7,79.8,32.2,25.6
14,56.2,37.7,74.0
13,29.1,31.2,31.5
11,59.1,29.0,49.0
7,50.8,25.6,35.7
6,73.0,34.4,64.5
2,35.9,27.4,32.1
7,68.4,31.4,42.3
9,68.2,38.9,87.8
8,42.5,18.2,63.3
5,18.9,29.6,32.9
8,33.7,21.8,22.9
4,74.4,22.5,21.7
15,21.5,33.8,72.5
17,54.9,25.6,35.9
4,73.9,32.4,27.8
9,45.0,34.5,21.3
8,62.1,30.7,66.9
2,58.8,21.7,51.1
4,52.4,26.1,40.1
18,16.1,31.3,53.3
2,31.8,35.0,52.4
7,49.7,33.6,45.0
14,41.7,26.3,49.8
6,40.0,25.2,47.5
14,78.0,23.2,23.9
14,31.4,21.1,39.7
5,73.5,39.5,69.7
9,63.8,16.1,64.7
5,17.7,15.1,45.5
9,46.5,22.9,63.7
9,17.6,19.9,84.8
6,77.4,23.4,75.4
19,45.2,18.5,27.2
7,47.7,31.3,59.1
18,33.0,29.1,45.4
8,60.7,31.3,56.2
3,45.2,38.1,28.3
7,51.8,21.9,79.9
20,51.1,29.8,71.6
12,51.4,34.6,39.0
5,41.3,24.2,62.3
14,22.4,39.0,22.1
10,69.0,30.9,23.8
19,79.0,38.4,22.8
8,71.1,31.8,34.1
18,16.3,28.9,69.0
4,51.6,23.1,38.4
7,27.8,27.7,79.8
9,72.6,19.9,23.5
11,37.4,15.9,89.3
3,48.2,18.2,46.0
5,46.2,31.2,54.4
7,72.0,38.9,22.3
8,54.6,27.0,67.5
9,30.0,16.4,51.7
8,72.8,17.1,52.2
16,65.8,29.9,30.7
6,45.4,16.5,52.0
20,70.5,28.4,26.7
1,66.0,39.1,54.7
13,71.1,15.9,60.0
1,33.8,18.6,33.0
11,60.2,27.8,76.4
7,24.8,31.9,20.9
3,41.2,35.9,36.2
5,46.7,33.2,28.8
15,58.7,31.0,76.9
7,30.6,18.4,39.7
8,23.7,29.8,41.2
15,76.4,36.4,72.8
17,63.0,30.0,38.1
5,59.1,39.4,30.4
7,38.9,30.8,72.9
12,74.7,35.1,76.3
5,40.4,33.9,33.8
9,39.2,18.8,68.2
20,18.1,24.3,69.1
16,27.2,39.6,56.5
14,23.2,15.4,77.6
2,54.9,27.3,27.1
7,62.9,37.6,72.5
2,53.9,15.3,48.0
14,51.2,25.0,22.9
15,65.1,15.1,31.8
8,43.2,29.1,82.6
6,16.0,25.1,47.3
4,39.0,32.9,53.6
20,66.0,34.9,52.0
7,65.3,15.7,57.3
12,72.6,29.0,87.9
14,53.5,38.3,38.4
20,71.0,20.1,24.9
15,32.6,26.9,86.0
8,25.0,31.6,35.9
17,65.6,17.6,72.9
5,57.1,39.1,82.5
2,38.1,37.3,82.5
6,59.6,33.1,54.7
18,29.5,20.5,36.1
7,36.5,24.5,63.7
11,66.1,35.6,42.3
8,60.0,38.0,89.9
6,35.3,22.6,28.6
7,44.1,23.9,53.6
1,78.1,17.5,35.3
15,78.5,28.5,52.1
7,49.7,29.9,41.3
3,66.2,20.7,26.6
4,19.9,21.8,49.4
8,55.1,20.6,48.2
7,69.0,18.6,79.3
11,73.8,30.7,47.1
1,64.1,39.0,84.6
7,57.4,27.9,52.8
7,78.7,26.4,67.5
6,44.5,38.9,85.4
2,52.1,24.2,42.2
3,58.6,22.4,45.6
8,38.9,37.4,37.7
15,61.3,22.5,73.4
2,20.1,17.9,39.0
8,31.4,38.7,58.3
1,40.9,29.1,79.0
2,59.0,29.1,41.0
1,19.1,30.8,51.5
3,46.9,29.2,72.1
17,36.7,25.3,42.8
11,36.2,39.1,56.9
18,52.4,33.1,89.0
5,53.4,21.6,66.8
8,56.6,19.5,21.9
15,51.4,39.4,38.0
16,68.9,22.8,70.8
5,62.2,15.1,52.6
12,42.3,17.5,53.2
19,48.9,18.5,68.6
10,48.7,32.2,74.4
3,28.9,16.2,20.3
1,78.2,19.2,61.1
5,54.9,15.5,51.5
9,71.8,22.8,89.5
4,77.0,18.3,29.5
7,79.6,20.6,37.0
9,42.9,35.3,40.8
6,44.9,22.7,74.4
11,58.1,35.8,70.4
1,78.4,17.1,52.8
3,41.1,22.3,35.0
7,69.5,16.5,36.8
1,59.8,27.9,43.4
1,65.2,23.4,68.5
6,38.6,32.7,55.8
2,18.4,33.7,49.3
1,34.0,39.5,43.8
5,71.3,24.1,43.2
4,32.1,24.7,53.9
9,71.1,17.4,63.8
1,54.0,39.0,29.9
4,59.5,17.8,73.8
9,15.1,35.0,26.8
1,41.4,33.7,80.0
11,18.0,15.9,61.1
15,79.6,20.7,55.2
4,56.9,25.0,68.1
15,40.9,23.4,24.4
17,22.6,31.8,25.2
14,78.3,18.9,86.3
11,27.4,27.8,76.5
9,32.1,34.2,77.9
10,43.1,35.9,64.2
6,63.3,28.2,21.0
6,42.1,17.6,75.5
20,59.6,27.4,76.8
8,58.8,19.9,48.9
10,70.5,37.0,54.5
15,28.3,26.5,49.3
17,76.9,25.5,39.0
7,55.8,21.3,31.7
15,48.7,18.9,31.8
8,53.6,16.6,87.4
7,56.9,21.2,64.0
6,74.2,37.6,62.1
5,74.1,29.5,48.2
10,20.0,20.3,83.7
6,16.3,19.9,39.7
18,47.7,39.1,48.7
9,27.3,34.1,27.3
9,56.5,33.1,54.1
10,28.7,24.1,34.9
3,25.2,16.1,59.4
20,48.6,29.8,68.3
5,34.0,23.2,26.7
1,72.3,26.1,33.6
8,60.4,32.5,76.2
15,23.8,18.0,45.3
4,48.8,27.5,52.3
16,64.5,37.1,56.6
1,61.4,22.7,89.1
1,65.1,33.5,86.0
19,67.7,21.5,26.8
7,55.8,35.3,78.9
14,51.7,27.0,88.9
8,31.4,30.5,35.6
2,61.5,38.4,39.3
11,79.0,15.3,38.4
1,34.5,39.9,62.2
8,47.5,37.5,88.3
5,33.8,32.0,79.8
17,72.5,24.7,67.4
7,38.2,39.3,27.9
16,22.5,26.4,73.6
15,20.0,38.4,72.7
7,45.5,33.4,27.6
2,75.4,32.2,41.6
6,74.9,38.3,66.4
19,71.8,26.2,48.2
12,79.7,18.2,79.0
15,73.4,36.2,73.8
17,46.9,19.9,23.1
16,15.2,34.5,43.6
16,32.3,33.3,70.4
6,41.1,21.2,60.1
9,79.5,33.1,42.0
19,75.3,36.4,80.9
4,72.8,20.1,73.4
6,20.5,33.3,45.5
4,28.9,37.0,27.4
4,59.2,19.8,20.1
3,57.2,34.4,89.1
5,75.9,28.6,73.3
10,63.8,29.6,72.1
14,62.1,28.6,78.1
10,16.9,15.9,86.1
2,63.8,36.7,87.7
14,44.4,15.7,78.4
8,70.6,20.7,86.5
1,46.7,16.8,24.3
2,61.0,33.6,57.1
2,78.3,31.6,87.4
3,52.6,28.1,86.1
1,51.7,16.8,49.3
3,26.0,37.4,58.9
2,68.2,17.1,86.9
10,58.8,39.9,75.8
18,37.7,26.0,52.0
5,37.4,38.7,32.4
18,21.7,16.9,58.3
3,59.0,26.5,22.1
7,22.5,33.3,36.4
5,77.7,19.1,74.6
11,27.0,28.0,66.1
4,60.0,33.3,41.2
2,31.1,29.6,28.1
1,63.5,28.1,22.8
11,32.9,36.5,24.6
1,60.4,33.7,21.7
8,66.6,19.2,41.6
4,35.0,23.0,78.3
8,31.8,22.8,89.1
8,77.5,38.0,42.3
4,48.4,37.4,52.9
16,70.2,26.0,39.2
8,78.5,24.2,27.3
11,64.3,21.9,77.5
13,25.2,24.6,49.8
7,43.4,32.7,87.4
6,64.3,25.6,71.2
4,16.9,33.2,89.8
7,20.9,20.4,68.9
15,72.7,34.9,36.3
13,41.8,25.8,71.8
8,28.2,35.2,78.6
2,18.6,20.7,84.1
8,69.0,31.1,51.6
10,33.0,32.2,33.7
11,17.7,33.6,44.8
5,41.4,39.5,27.0
9,52.5,27.8,29.4
18,27.5,18.4,28.1
3,59.2,16.5,34.5
5,53.2,37.8,78.5
15,63.9,25.0,33.4
13,16.2,26.5,63.7
16,49.0,23.5,64.5
1,67.7,31.1,71.7
7,44.5,37.5,59.8
3,55.2,34.4,66.4
1,31.7,35.2,39.0
3,34.0,36.7,83.6
14,43.9,29.5,52.7
7,74.7,21.9,79.1
14,29.7,36.1,87.0
1,69.7,29.5,73.3
6,74.8,16.1,79.6
16,55.5,38.3,22.0
2,29.5,21.3,64.8
3,77.7,16.6,85.7
7,37.7,22.9,25.5
7,35.9,18.0,85.2
15,47.1,21.6,41.3
11,30.0,21.4,69.6
14,30.8,39.1,74.9
3,18.8,17.1,80.8
8,37.4,31.6,80.5
18,49.7,23.7,23.8
1,50.4,35.8,36.6
8,49.2,23.9,85.1
1,24.7,21.4,65.7
5,20.8,33.0,56.4
8,67.4,32.6,51.1
9,64.5,15.2,23.2
1,28.5,27.7,66.5
15,23.5,32.2,31.5
7,44.9,37.0,53.6
11,30.5,25.1,87.4
17,43.5,30.7,39.6
8,42.9,26.6,34.1
1,60.7,33.7,72.0
11,45.7,28.0,48.9
3,25.8,20.5,88.4
8,73.0,21.4,85.1
8,22.6,36.2,23.0
13,31.4,22.2,79.9
3,59.4,26.1,66.3
2,17.1,36.8,89.0
4,39.4,31.0,22.9
19,30.7,30.0,77.9
12,21.4,36.4,48.7
1,15.5,24.6,53.6
1,48.7,29.4,42.8
5,47.7,38.8,21.4
7,76.5,35.8,89.2
2,58.6,39.4,56.6
9,55.9,25.3,75.2
11,77.5,35.3,41.2
5,42.9,31.1,66.7
11,55.5,21.0,75.9
8,76.3,17.5,67.3
5,78.8,32.0,49.8
11,22.5,18.1,34.2
10,28.5,25.4,32.6
3,28.6,31.4,63.4
8,64.7,39.6,23.6
2,49.7,19.1,77.3
8,58.2,33.8,65.1
2,23.9,30.8,48.3
11,79.7,23.5,26.5
16,41.1,33.6,35.4
14,31.5,37.9,50.6
12,51.8,37.8,43.6
14,64.5,39.0,62.0
11,59.3,33.2,67.6
19,74.9,28.4,20.6
9,39.3,16.3,73.0
7,41.1,18.1,29.5
3,75.2,17.3,26.5
12,28.6,16.3,73.1
2,69.3,34.1,37.0
1,42.3,37.4,67.4
18,25.4,19.1,75.6
7,57.1,29.4,48.2
1,59.1,19.1,43.0
14,79.4,21.2,73.9
3,44.0,18.7,81.5
8,22.5,16.7,55.2
2,52.2,21.3,21.1
3,65.5,40.0,20.8
1,51.2,21.9,76.4
8,42.8,37.6,27.0
6,30.5,19.9,59.9
13,50.3,24.3,75.8
8,71.7,26.9,55.1
15,74.9,24.7,51.1
7,76.5,15.5,61.8
18,20.4,26.2,23.1
18,29.2,30.6,41.1
3,62.3,27.2,32.6
2,36.8,26.3,78.0
5,75.2,23.1,78.3
3,48.4,26.2,84.5
16,36.8,23.6,26.2
18,29.3,35.6,33.5
7,20.1,34.1,32.2
7,33.0,15.1,26.8
17,63.2,38.5,81.5
13,59.9,23.8,33.0
13,78.7,38.5,86.1
4,21.6,24.0,78.5
1,37.3,24.2,59.4
16,35.5,37.1,76.3
10,68.1,20.1,58.0
12,58.4,31.8,77.8
12,65.6,27.9,25.0
5,53.0,32.9,51.3
11,61.3,34.7,67.1
7,26.5,33.9,74.0
6,38.3,38.0,62.9
10,18.8,31.0,69.9
7,68.8,37.1,60.4
2,30.0,33.9,73.0
2,19.0,18.3,83.6
18,55.9,35.7,78.3
2,25.8,25.6,78.8
2,24.4,17.2,23.9
16,69.1,29.9,61.5
17,28.4,23.0,64.9
8,69.3,17.8,56.2
6,59.5,30.0,41.6
20,30.1,18.0,67.8
3,53.4,30.3,61.0
16,29.7,39.8,89.7
11,42.2,20.0,81.5
5,62.0,37.4,63.6
1,46.6,37.3,87.1
14,48.7,24.6,34.8
3,68.7,17.0,83.8
19,31.5,20.0,48.1
17,47.6,24.7,83.4
5,41.8,19.3,56.3
1,45.0,27.9,65.9
8,27.5,27.9,63.0
13,71.7,32.8,60.0
2,30.8,20.7,40.6
7,32.6,34.1,27.3
17,75.3,21.4,81.9
13,16.0,18.5,24.5
20,71.4,24.6,52.0
18,63.3,18.2,72.0
14,47.4,15.2,69.8
14,54.5,16.8,22.5
19,75.0,23.8,84.7
11,79.7,19.8,26.6
1,43.6,19.2,51.3
9,71.0,37.8,21.0
7,40.5,26.6,63.3
7,60.4,36.2,60.0
3,33.9,26.4,39.3
1,23.4,34.9,43.7
11,29.3,21.1,82.1
6,61.3,23.2,59.5
2,24.7,24.6,63.1
19,70.4,38.3,85.1
6,37.9,21.0,29.6
12,42.3,21.2,41.6
4,38.2,20.5,36.4
10,42.8,31.1,65.4
16,16.8,16.7,64.4
9,22.3,36.2,56.6
7,26.4,20.4,86.6
16,53.5,36.8,47.3
5,72.6,22.5,31.4
13,19.2,38.9,73.5
12,71.3,35.8,46.6
9,32.3,29.6,85.4
7,51.0,37.4,77.2
3,54.9,26.9,46.8
1,44.3,35.6,26.9
3,79.7,23.2,77.1
10,37.6,22.9,23.6
2,25.4,33.3,67.3
13,49.6,33.0,59.7
14,73.0,28.7,22.2
10,70.1,35.7,71.5
17,36.1,36.1,44.0
10,20.2,28.3,49.0
5,45.4,31.6,43.6
4,50.8,15.5,72.8
4,27.6,36.6,34.3
2,72.3,21.3,56.9
3,34.0,32.2,64.2
15,73.8,19.9,44.9
12,23.8,17.4,61.9
2,25.0,28.6,79.4
4,76.5,34.7,38.7
11,57.6,26.2,89.3
10,40.3,38.3,69.3
5,75.6,15.4,82.6
4,56.9,23.8,32.0
12,24.3,25.1,35.6
2,38.3,21.7,76.3
18,20.7,25.5,60.0
14,53.8,18.3,71.1
5,76.6,20.5,45.2
16,59.4,38.7,41.2
16,40.0,35.7,41.4
18,65.5,34.2,34.7
6,53.8,29.4,84.4
14,26.7,16.1,74.7
5,69.0,23.3,30.5
7,46.0,26.7,39.5
15,47.1,38.3,43.6
15,69.0,37.0,51.8
6,62.8,16.2,65.4
18,47.5,28.4,57.8
5,54.2,31.3,52.8
6,21.4,34.4,83.1
5,74.3,33.4,44.5
19,70.5,17.6,81.2
19,76.0,20.4,53.2
14,71.7,21.4,22.0
11,56.1,17.8,20.5
1,68.0,15.4,26.4
4,18.2,37.4,89.2
3,64.4,25.3,23.4
7,58.7,15.6,37.9
8,18.9,19.6,46.5
10,78.6,36.6,25.7
18,76.3,32.6,84.6
8,44.3,25.8,84.9
1,50.5,29.3,31.5
4,76.5,33.3,81.9
4,77.7,18.0,80.3
4,37.6,15.6,25.6
3,73.7,35.7,76.5
15,21.7,38.5,43.0
17,67.3,22.7,63.9
6,79.4,32.9,54.8
5,74.9,22.9,35.6
2,54.0,18.5,86.1
20,71.5,33.3,38.3
8,74.1,19.6,52.2
7,72.4,25.7,62.0
9,61.8,27.0,84.4
12,42.6,20.5,70.7
7,32.2,19.5,29.6
5,55.5,16.6,80.8
3,52.2,21.5,42.9
3,30.0,36.3,53.7
2,31.1,18.5,86.0
9,54.7,35.0,38.1
6,63.5,23.1,30.3
18,20.3,38.3,58.3
18,53.2,39.1,26.1
17,55.2,30.7,85.7
3,69.5,17.4,67.7
1,79.3,29.2,70.9
15,36.6,33.5,40.4
13,37.9,26.4,23.5
1,68.3,27.9,24.6
16,72.2,15.2,41.0
7,70.8,21.8,34.7
3,29.9,21.5,82.1
1,29.1,36.3,73.3
8,49.2,20.3,60.1
5,46.3,27.0,22.6
11,45.4,17.8,30.0
17,48.3,27.9,68.1
18,16.9,33.4,33.2
15,29.5,38.8,69.8
14,65.4,15.5,21.4
13,31.8,20.9,38.7
7,26.6,29.9,44.3
4,38.5,20.7,24.8
5,65.6,25.4,30.2
1,57.9,38.2,72.9
14,23.0,25.4,85.2
2,79.3,15.7,82.3
6,40.4,30.1,30.1
2,57.2,32.5,31.4
17,19.2,37.8,89.2
7,22.2,22.9,69.1
5,15.6,24.8,52.0
6,24.3,31.0,84.1
8,39.3,36.0,81.7
19,68.4,26.6,45.9
13,72.3,22.3,31.2
7,76.3,25.7,54.5
6,25.3,31.9,52.8
5,19.1,22.2,50.5
10,64.3,21.2,49.9
11,37.8,25.6,67.1
12,31.3,38.9,52.6
5,49.5,34.6,74.8
8,38.1,24.1,81.9
17,23.6,30.9,22.8
6,16.5,20.2,33.7
4,49.7,33.3,65.0
6,53.9,22.8,56.1
14,53.1,30.0,51.6
19,47.8,25.8,49.8
12,34.6,29.1,85.9
9,25.8,37.2,31.2
4,43.3,39.9,36.0
13,50.8,18.4,39.6
12,54.0,16.1,31.1
9,42.5,26.4,33.5
3,63.9,37.0,87.6
10,29.5,37.4,60.3
1,19.5,18.6,34.1
3,28.0,30.1,41.3
5,26.0,34.9,36.3
19,71.8,17.0,73.0
4,41.9,19.3,82.5
18,37.0,29.7,74.4
17,41.9,21.9,44.0
9,75.1,33.1,54.9
12,69.7,27.2,59.6
5,63.1,38.2,50.2
4,48.3,19.3,66.7
8,24.0,36.8,27.5
4,34.2,24.5,40.8
9,44.6,16.0,54.6
4,44.5,23.8,69.6
13,30.6,30.4,37.2
16,31.7,24.7,83.7
16,77.0,28.2,31.2
5,54.9,36.2,37.1
11,56.5,30.4,28.2
12,35.7,28.8,61.6
12,29.8,32.3,26.8
17,25.9,21.7,70.8
19,26.6,22.4,42.2
13,46.0,31.8,73.1
3,20.9,31.2,41.7
1,75.3,26.6,38.4
5,33.7,20.0,42.2
16,45.9,33.9,77.9
3,52.4,37.3,64.3
16,25.4,16.0,42.4
15,18.2,32.4,51.7
10,56.5,16.1,60.1
3,57.7,22.6,45.2
7,27.9,31.2,88.1
9,65.2,35.4,30.6
1,15.5,23.9,29.7
1,56.7,18.1,69.5
20,56.5,35.9,78.4
9,28.8,33.3,62.2
2,72.4,21.0,53.9
20,21.1,15.1,36.8
8,66.2,33.7,56.0
12,61.4,34.6,64.8
20,51.3,17.1,60.2
2,27.6,36.0,52.8
5,63.4,16.1,56.7
17,41.1,39.4,81.3
7,76.2,33.8,30.4
2,40.9,37.0,28.1
8,22.9,18.1,86.4
5,20.2,37.4,24.1
7,52.2,35.0,44.3
3,60.4,25.5,27.7
18,48.2,34.3,47.6
8,34.3,31.1,43.0
8,73.7,17.5,31.4
6,75.6,15.6,21.1
15,48.9,22.0,29.2
1,46.4,40.0,57.5
18,15.3,16.7,88.4
10,69.3,17.5,78.4
17,34.7,17.5,66.9
8,73.8,35.1,41.8
18,62.1,25.8,52.0
4,31.9,34.7,57.4
6,51.7,35.8,39.8
4,79.1,38.5,57.2
10,72.4,35.3,70.9
8,41.2,17.3,31.7
12,28.2,19.1,60.6
9,30.6,19.2,88.4
7,73.7,21.6,48.4
15,45.0,34.0,64.1
3,79.2,27.4,37.5
11,74.0,17.7,24.7
12,26.3,15.1,88.4
19,25.4,20.7,47.9
3,73.0,31.9,46.9
15,68.4,19.7,21.7
15,51.6,22.0,23.3
2,55.0,16.5,81.8
13,44.7,31.4,80.8
6,77.3,21.6,34.3
6,64.5,19.7,87.4
16,37.8,30.4,43.8
3,31.2,18.8,35.2
14,37.7,37.1,31.2
3,68.3,18.8,27.7
1,60.4,22.9,64.1
2,73.0,17.0,53.1
12,31.2,32.9,72.0
6,47.0,32.8,59.8
12,33.4,38.4,65.5
9,45.8,26.4,53.3
20,18.9,19.1,56.6
1,23.1,16.5,56.1
11,57.1,25.4,62.8
19,53.2,18.9,37.7
7,67.2,24.4,55.7
3,56.8,35.5,61.6
9,74.1,24.8,22.0
14,29.5,18.4,30.9
14,38.1,21.5,40.0
6,30.8,32.9,34.0
1,73.8,31.2,46.3
9,49.3,20.0,80.5
1,32.6,33.6,54.3
20,51.3,33.9,65.5
4,46.9,24.3,22.4
4,29.1,18.2,89.7
5,40.7,25.2,69.3
16,41.7,21.3,71.3
20,50.9,23.5,67.1
20,44.4,25.8,48.0
15,18.8,38.0,70.1
10,65.9,37.1,70.1
19,63.0,16.8,82.9
6,72.1,26.0,70.6
9,36.8,34.0,89.2
17,26.9,19.0,23.7
10,72.9,21.5,79.8
18,61.1,27.9,36.2
6,51.8,30.7,85.4
3,68.9,29.7,53.8
15,54.1,37.3,21.8
8,55.0,29.4,85.0
3,77.5,30.8,31.4
2,47.2,27.8,63.7
8,44.2,38.3,81.7
6,28.5,28.1,52.3
2,31.6,18.7,54.7
11,26.3,39.4,27.7
12,63.0,23.5,69.4
2,25.9,27.7,22.2
5,65.7,16.2,60.7
4,50.3,23.5,34.2
11,27.6,16.9,21.9
6,44.3,38.9,40.5
9,32.9,24.1,62.1
17,16.4,16.7,35.6
11,68.3,22.5,79.8
14,35.6,32.9,50.8
13,19.0,39.5,83.0
20,36.7,31.5,22.3
20,23.2,35.4,79.5
6,33.2,22.4,45.0
9,55.0,25.5,37.3
6,51.8,29.8,26.2
7,62.8,20.8,46.6
2,39.3,17.6,62.3
20,29.6,23.6,65.2
14,60.1,16.3,66.1
5,17.5,31.4,37.3
6,62.1,31.5,66.6
2,17.9,17.0,72.5
8,50.0,29.9,75.0
9,70.2,37.2,75.0
9,67.4,25.8,81.1
8,16.6,22.4,86.7
12,47.3,29.1,80.2
5,65.9,18.9,31.2
19,79.4,30.2,20.3
12,74.4,17.8,36.5
4,19.1,20.1,59.5
6,79.5,30.7,42.2
8,71.8,33.7,59.6
4,56.1,26.8,74.1
13,58.4,31.6,33.1
4,52.1,39.1,37.6
19,49.9,26.4,27.3
14,51.9,31.8,50.4
10,49.0,37.1,33.9
20,37.7,25.6,41.3
4,21.3,25.8,38.3
15,26.6,22.9,28.9
6,21.1,39.0,42.0
1,49.3,26.2,87.7
13,34.2,31.3,63.9
8,29.0,27.9,40.4
11,62.3,38.3,24.8
11,64.7,27.3,56.1
2,26.6,23.3,34.3
5,16.5,17.4,87.9
3,24.3,35.6,29.8
5,17.0,39.7,49.1
14,67.8,22.2,47.7
3,22.5,28.4,76.7
14,36.7,27.6,38.0
2,30.7,36.2,58.8
16,18.0,36.2,74.1
2,29.6,23.0,82.1
4,66.2,33.5,22.7
17,44.2,20.5,62.7
4,55.5,17.6,47.5
11,18.1,34.0,66.9
17,26.1,39.2,34.2
2,62.7,30.5,50.5
3,21.9,34.7,32.4
18,42.9,32.4,39.9
6,32.1,36.5,59.9
4,74.1,17.0,71.8
7,55.2,36.7,38.6
18,20.0,32.1,33.8
4,65.7,18.7,59.1
11,75.4,32.1,86.0
20,78.4,24.5,40.3
1,61.6,26.2,48.7
15,37.3,39.1,30.8
3,75.5,30.8,62.9
19,72.5,22.7,47.5
7,20.0,31.8,37.5
4,48.2,22.2,87.9
16,51.0,36.4,20.9
7,37.1,29.0,24.7
3,56.4,17.5,87.8
1,62.1,34.6,26.3
3,37.4,20.0,43.7
19,20.8,21.6,69.0
19,74.6,20.2,52.4
4,40.6,32.9,47.7
3,56.7,30.1,52.5
2,74.5,29.1,38.0
1,35.6,33.2,52.2
10,44.5,16.5,73.2
18,21.8,29.9,81.3
12,17.8,26.4,35.1
11,47.4,28.7,77.0
11,31.4,25.7,39.8
1,35.2,25.0,38.8
15,28.2,18.3,86.4
19,52.6,30.3,29.8
4,68.5,33.6,59.0
3,51.7,21.1,56.1
3,32.2,31.1,25.7
5,79.7,37.2,58.5
4,31.7,30.8,62.0
1,38.6,33.1,41.3
16,27.8,16.8,79.0
12,60.9,26.1,48.5
6,78.8,31.0,74.6
13,63.2,16.9,59.3
8,58.8,20.1,42.3
12,43.0,19.6,22.7
10,73.8,28.5,76.4
9,67.3,22.0,80.2
12,18.1,25.7,79.9
4,33.1,26.5,77.3
18,78.7,28.9,20.4
3,51.0,29.8,45.8
3,22.9,23.4,69.7
6,55.7,31.7,52.8
8,76.1,21.1,33.8
15,21.7,25.6,83.0
9,70.9,39.5,21.7
8,22.6,25.7,39.7
8,71.4,20.3,85.7
4,51.3,29.0,78.2
14,31.1,16.3,73.1
2,73.9,18.8,35.1
17,19.7,37.6,61.4
17,20.9,40.0,49.4
1,23.1,23.2,73.2
3,55.9,22.9,43.9
7,76.2,18.6,70.6
10,27.3,30.0,76.2
7,31.1,22.3,47.4
3,62.0,33.5,32.1
15,52.5,23.7,29.0
4,77.5,19.8,78.2
4,25.1,36.8,58.8
9,17.2,26.7,25.5
7,39.3,25.2,84.3
4,51.2,26.0,68.5
10,54.1,18.0,75.0
2,26.3,23.7,33.7
9,31.2,23.3,48.9
17,25.6,20.3,88.4
8,61.8,19.3,48.4
1,18.8,31.5,68.4
3,77.5,34.3,49.4
1,55.1,25.1,69.9
18,56.2,30.3,29.0
11,57.4,35.6,31.1
20,61.6,32.9,25.0
11,37.3,23.4,87.2
2,16.5,24.1,31.9
9,32.6,19.4,83.5
4,39.0,29.2,29.5
7,32.9,20.9,40.7
7,63.2,28.3,34.5
2,74.2,35.5,60.8
11,64.6,38.9,67.9
6,65.5,27.7,73.1
20,69.3,35.0,88.6
13,78.3,26.3,47.8
13,38.3,17.6,78.8
1,22.4,29.0,36.6
18,20.0,28.9,87.3
15,50.6,24.3,34.7
13,46.8,15.5,27.6
3,68.3,27.4,59.2
5,59.0,19.1,39.2
9,62.2,32.5,85.3
1,17.8,34.1,34.0
17,61.5,25.6,65.9
12,68.8,25.5,55.4
6,60.6,20.7,43.8
11,71.7,37.6,72.8
14,57.7,28.1,88.3
3,20.5,19.3,30.5
18,58.6,24.8,53.4
10,29.5,25.5,24.8
7,30.0,15.0,23.2
5,61.6,35.8,80.7
2,15.7,17.7,65.1
20,30.4,34.0,27.7
6,19.2,36.3,78.3
7,22.6,16.2,70.7
7,26.2,27.2,54.7
1,52.3,30.4,80.0
14,73.1,32.8,40.8
14,72.1,15.1,50.0
20,24.9,31.6,75.7
7,63.6,21.4,77.4
12,53.0,20.8,73.5
4,40.7,31.6,63.3
8,48.2,35.7,28.2
1,47.6,27.7,78.6
4,30.6,19.1,76.0
4,43.4,21.0,76.9
3,69.4,23.7,47.3
19,52.4,32.6,66.5
3,73.6,30.9,62.6
1,21.5,31.5,47.2
2,44.1,16.1,55.7
9,50.9,33.0,40.9
15,50.1,17.6,57.0
19,26.7,21.2,44.7
4,74.3,15.3,63.5
6,77.2,38.6,63.9
18,28.2,20.6,76.8
8,58.7,38.7,32.2
9,35.9,32.7,59.6
20,34.4,34.8,89.4
4,47.4,21.6,46.1
9,23.7,25.3,49.8
8,57.3,15.5,37.3
5,50.8,39.6,80.1
13,76.6,33.5,42.2
1,36.4,21.8,60.3
16,51.1,30.3,42.6
13,40.1,35.2,80.1
5,32.5,16.6,40.5
2,25.0,29.5,88.5
16,17.0,31.3,31.8
3,57.1,37.8,88.9
19,60.9,34.3,89.8
18,46.8,15.0,24.3
12,52.3,25.4,36.4
2,71.1,27.3,24.3
6,62.1,37.4,43.5
4,64.2,34.2,87.0
11,70.6,22.7,62.4
8,42.0,34.2,71.3
16,52.3,37.1,24.2
3,48.9,29.7,48.3
14,78.4,33.1,68.7
1,49.9,18.2,77.5
7,30.5,39.4,63.4
14,36.8,21.7,77.5
6,28.4,39.5,62.0
9,32.8,31.0,81.2
2,32.3,23.0,23.0
15,76.6,38.9,51.3
8,47.9,30.5,61.6
7,29.3,29.2,60.8
6,52.1,37.2,29.0
10,66.1,17.2,28.9
4,53.2,31.1,67.2
15,26.7,15.7,69.8
2,47.1,26.5,74.5
18,38.3,20.0,62.9
4,42.7,23.0,47.0
2,54.0,21.7,63.9
10,38.9,36.0,66.2
20,25.2,31.6,67.9
3,55.4,29.9,31.4
2,20.6,33.3,65.0
5,43.8,25.5,74.8
4,25.1,34.1,40.4
5,66.5,37.5,21.2
7,17.0,32.6,53.7
6,44.0,22.7,57.5
18,79.9,34.3,82.3
3,73.1,22.9,43.1
5,18.4,27.8,70.9
2,72.4,35.6,23.8
11,25.3,35.3,58.1
6,69.5,21.2,27.6
1,55.8,29.5,36.6
19,68.4,28.9,26.6
6,77.3,21.3,22.3
4,47.8,36.6,55.6
17,59.3,29.4,78.9
13,71.2,30.5,34.1
11,62.9,27.7,55.4
17,29.3,31.9,32.6
12,34.8,32.8,77.6
8,23.0,17.4,78.1
1,42.7,28.9,26.6
9,67.0,28.7,68.8
13,21.0,27.5,63.1
1,17.1,21.2,32.0
18,53.4,27.5,39.2
5,50.0,26.8,30.0
6,48.0,29.0,64.3
18,72.3,22.9,69.1
6,55.0,27.0,87.0
13,60.5,23.8,25.8
4,50.9,23.1,53.6
8,46.7,29.5,32.9
6,51.9,28.5,51.1
13,41.3,22.5,29.9
7,38.5,38.6,72.2
19,53.5,22.2,38.0
13,59.6,28.0,47.8
17,39.6,35.8,74.0
7,65.6,30.2,75.4
16,46.2,30.9,66.4
20,18.4,21.9,48.5
3,53.1,27.7,39.0
1,40.0,34.7,42.2
14,47.2,37.0,65.0
19,40.9,34.1,81.6
7,75.9,24.2,51.0
20,26.5,38.1,51.1
8,71.6,30.9,87.0
7,52.8,26.5,39.1
12,30.1,23.2,30.4
2,46.0,33.1,79.7
7,73.3,28.3,60.3
6,70.9,37.1,52.1
11,46.2,32.5,75.7
13,41.6,18.3,36.0
1,28.8,29.0,44.3
7,74.0,21.5,58.6
5,54.3,15.3,36.5
11,40.6,37.2,54.5
3,26.3,31.6,46.9
6,58.8,29.4,78.5
9,65.9,22.5,22.5
14,73.8,24.6,43.6
4,47.3,35.6,57.7
14,31.3,25.2,35.1
3,42.5,34.9,67.0
16,69.3,19.5,34.6
7,19.2,26.0,35.7
1,78.4,39.7,41.3
11,22.5,17.7,33.1
8,74.7,39.0,44.9
3,30.9,24.7,84.1
14,32.4,36.9,29.8
1,35.2,18.4,36.5
15,42.2,27.2,66.0
6,48.0,29.9,70.5
10,20.1,15.6,58.4
6,69.2,23.1,56.7
15,68.9,23.7,30.3
3,69.7,30.3,57.3
19,70.5,36.1,29.9
8,23.8,29.8,47.6
3,79.0,17.3,52.4
20,33.7,24.7,84.2
12,19.2,31.4,32.8
16,44.6,29.3,50.1
6,78.1,17.3,48.5
15,65.9,39.8,64.1
16,33.3,32.5,58.9
5,79.2,33.0,83.6
7,31.5,33.0,24.7
17,71.7,18.4,68.6
14,29.4,29.7,60.6
20,40.6,28.6,65.4
17,26.4,28.3,70.8
15,43.0,29.2,59.4
7,52.6,21.6,34.1
3,69.3,33.7,46.2
17,27.3,29.5,87.2
3,48.7,26.9,50.0
5,30.9,35.9,69.0
10,50.9,22.2,59.5
19,44.4,15.2,71.6
5,44.5,28.5,73.6
8,39.5,16.3,61.3
14,25.5,36.6,65.2
7,39.2,22.6,53.7
6,49.9,38.4,62.7
6,23.8,20.0,75.7
20,56.0,38.1,77.9
20,22.5,38.5,28.1
16,53.5,15.3,24.1
10,61.6,34.2,32.9
12,39.2,33.5,30.2
6,60.2,33.0,63.5
10,60.2,22.1,52.7
9,31.9,29.7,46.0
13,35.2,19.9,80.4
14,65.5,15.5,52.1
6,43.1,33.9,43.8
4,54.4,19.1,21.4
13,43.5,18.0,72.4
6,48.5,36.2,23.4
6,20.9,38.3,33.4
20,40.1,26.9,47.7
2,48.8,18.9,70.9
10,67.7,36.3,40.8
3,60.7,38.8,31.2
5,76.5,37.7,40.9
1,69.4,32.6,60.9
3,30.9,23.2,29.0
2,36.1,16.4,38.9
4,77.7,18.4,43.3
17,61.8,39.3,81.4
10,52.1,31.4,76.2
6,56.7,24.1,37.9
10,69.7,17.7,62.9
10,51.9,31.8,84.0
3,39.7,24.2,53.0
16,41.2,15.4,33.1
9,46.0,20.0,84.1
13,59.1,21.6,32.0
1,69.3,30.8,24.9
12,36.1,23.1,35.8
8,31.7,26.2,49.4
16,15.4,21.8,65.0
2,28.7,39.4,23.1
5,28.8,24.4,22.1
10,26.4,29.7,63.2
7,75.6,21.7,38.0
9,61.6,35.3,27.3
1,47.5,33.7,53.5
18,62.0,15.2,67.2
7,60.5,36.6,79.5
2,52.6,37.3,34.8
2,20.2,36.7,26.9
18,61.1,30.2,37.1
4,57.6,19.8,41.5
3,36.3,16.1,84.4
2,62.0,27.8,76.6
4,46.5,26.9,62.8
5,37.6,30.0,26.6
17,15.8,26.0,28.8
14,59.9,38.1,39.2
4,46.8,16.8,53.6
7,62.0,23.6,35.7
1,74.2,34.8,56.4
6,23.2,20.8,35.4
17,15.3,15.3,81.8
9,77.8,30.0,77.6
15,72.1,23.5,74.4
4,40.5,18.3,28.8
12,49.0,25.5,89.7
18,71.8,28.5,44.5
6,76.6,34.9,29.6
7,64.4,29.8,88.4
13,45.1,30.0,62.9
1,23.3,15.1,78.0
19,21.7,24.8,55.8
3,62.4,33.7,56.8
9,36.0,24.4,74.5
5,46.9,18.1,70.4
5,33.7,15.8,65.3
9,21.7,16.2,55.5
11,47.4,19.6,58.9
7,19.9,18.7,62.7
1,25.6,26.0,83.6
7,20.3,15.1,23.5
8,36.2,18.2,59.9
3,64.0,36.0,71.6
9,53.5,35.1,39.5
11,68.6,24.5,75.4
3,68.5,16.1,20.3
18,28.4,20.7,23.8
16,59.9,38.6,36.2
13,34.8,16.7,24.3
6,34.9,38.0,37.1
5,79.2,16.1,84.9
7,26.5,37.0,82.4
12,72.8,38.0,46.8
10,40.1,21.9,68.2
1,58.3,15.2,25.6
7,27.3,32.2,80.7
4,57.2,16.5,63.5
10,45.4,20.8,74.4
7,24.5,29.9,37.6
9,26.2,38.0,39.0
4,64.5,21.9,39.2
2,64.5,30.0,58.8
11,38.6,39.4,37.8
19,39.2,16.4,65.6
14,31.1,37.3,32.8
4,75.2,17.3,83.8
9,50.6,39.7,24.8
8,32.6,24.5,52.6
3,32.8,15.6,23.1
6,38.6,17.9,20.9
1,35.4,20.6,27.2
11,38.8,23.2,52.3
13,49.0,39.1,38.8
15,24.4,19.8,30.7
2,78.6,39.6,88.6
12,17.8,32.7,34.0
17,51.7,33.2,77.1
3,44.0,18.9,63.5
